background,0,0,t7_callingcard_default,EM_BG_DEFAULT,0,0,0,0,none,,,0
background,1,1,t7_callingcard_default_4,EM_BACK_default_01,0,0,0,0,default,,,0
background,2,2,t7_callingcard_default_5,EM_BACK_default_02,0,0,0,0,default,,,0
background,3,3,t7_callingcard_default_6,EM_BACK_default_03,0,0,0,0,default,,,0
background,4,4,t7_callingcard_default_8,EM_BACK_default_04,0,0,0,0,default,,,0
background,5,5,t7_callingcard_default_12,EM_BACK_default_05,0,0,0,0,default,,,0
background,6,6,t7_callingcard_default_16,EM_BACK_default_06,0,0,0,0,default,,,0
background,7,7,t7_callingcard_default_17,EM_BACK_default_07,0,0,0,0,default,,,0
background,8,8,t7_callingcard_default_18,EM_BACK_default_08,0,0,0,0,default,,,0
background,9,9,t7_callingcard_default_19,EM_BACK_default_09,0,0,0,0,default,,,0
background,10,10,t7_callingcard_default_20,EM_BACK_default_10,0,0,0,0,default,,,0
background,11,11,t7_callingcard_default_21,EM_BACK_default_11,0,0,0,0,default,,,0
background,12,12,t7_callingcard_default_22,EM_BACK_default_12,0,0,0,0,default,,,0
background,13,13,t7_callingcard_default_23,EM_BACK_default_13,0,0,0,0,default,,,0
background,14,14,t7_callingcard_default_24,EM_BACK_default_14,0,0,0,0,default,,,0
background,15,15,t7_callingcard_default_25,EM_BACK_default_15,0,0,0,0,default,,,0
background,16,16,t7_callingcard_default_26,EM_BACK_default_16,0,0,0,0,default,,,0
background,17,17,t7_callingcard_default_27,EM_BACK_default_17,0,0,0,0,default,,,0
background,18,18,t7_callingcard_default_28,EM_BACK_default_18,0,0,0,0,default,,,0
background,19,19,t7_callingcard_cp_tott_controlcoremastery,EM_BACK_TOTT_uses_control,1000,0,0,0,global,,,0
background,20,20,t7_callingcard_cp_tott_martialcoremastery,EM_BACK_TOTT_uses_martial,1000,0,0,0,global,,,0
background,21,21,t7_callingcard_cp_tott_chaoscoremastery,EM_BACK_TOTT_uses_chaos,1000,0,0,0,global,,,0
background,22,22,t7_callingcard_cp_tott_commandeered,EM_BACK_TOTT_remotehijack,1000,0,0,0,global,,,0
background,23,23,t7_callingcard_cp_tott_fastaslightning,EM_BACK_TOTT_rapidstrike,1000,0,0,0,global,,,0
background,24,24,t7_callingcard_cp_tott_inferno,EM_BACK_TOTT_immolation,1000,0,0,0,global,,,0
background,25,25,t7_callingcard_cp_tott_juiced,EM_BACK_TOTT_esdamage,1000,0,0,0,global,,,0
background,26,26,t7_callingcard_cp_tott_shockwave,EM_BACK_TOTT_concussive,1000,0,0,0,global,,,0
background,27,27,t7_callingcard_cp_tott_pulverized,EM_BACK_TOTT_force,1000,0,0,0,global,,,0
background,28,28,t7_callingcard_cp_tott_3lawscompliant,EM_BACK_TOTT_ravagecore,1000,0,0,0,global,,,0
background,29,29,t7_callingcard_cp_tott_swarmed,EM_BACK_TOTT_fireflies,1000,0,0,0,global,,,0
background,30,30,t7_callingcard_cp_tott_explosivesexpert,EM_BACK_TOTT_explosives,1000,0,0,0,global,,,0
background,31,31,CallingCards_ToolsOfTheTradeCPWidget,EM_BACK_TOTT_mastery,2000,0,0,0,global,,t7_callingcard_cp_career_master,0
background,32,32,t7_callingcard_cp_combat_distinction,EM_BACK_CAREER_accolades,1500,0,0,0,global,,,0
background,33,33,t7_callingcard_cp_decorated,EM_BACK_CAREER_decorations,5000,0,0,0,global,,,0
background,34,34,t7_callingcard_cp_buying_power,EM_BACK_CAREER_tokens,1000,0,0,0,global,,,0
background,35,35,t7_callingcard_cp_collector,EM_BACK_CAREER_collectibles,1000,0,0,0,global,,,0
background,36,36,t7_callingcard_cp_battle_hardened,EM_BACK_CAREER_difficulty_hard,1000,0,0,0,global,,,0
background,37,37,t7_callingcard_cp_seasoned_veteran,EM_BACK_CAREER_difficulty_vet,1000,0,0,0,global,,,0
background,38,38,t7_callingcard_cp_unrelenting,EM_BACK_CAREER_difficulty_real,1000,0,0,0,global,,,0
background,39,39,t7_callingcard_cp_running_the_gauntlet,EM_BACK_CAREER_training_sim,1000,0,0,0,global,,,0
background,40,40,t7_callingcard_cp_ready_for_anything,EM_BACK_CAREER_training_sim_real,3000,0,0,0,global,,,0
background,41,41,CallingCards_CareerCPWidget,EM_BACK_CAREER_mastery,3000,0,0,0,global,,t7_callingcard_cp_master,0
background,42,42,t7_callingcard_cp_career_blackops,EM_BACK_MISSIONS_pro,500,0,0,0,global,,,0
background,43,43,t7_callingcard_cp_career_newworld,EM_BACK_MISSIONS_new,500,0,0,0,global,,,0
background,44,44,t7_callingcard_cp_career_indarkness,EM_BACK_MISSIONS_bla,500,0,0,0,global,,,0
background,45,45,t7_callingcard_cp_career_provocation,EM_BACK_MISSIONS_bio,500,0,0,0,global,,,0
background,46,46,t7_callingcard_cp_career_hypocenter,EM_BACK_MISSIONS_sge,500,0,0,0,global,,,0
background,47,47,t7_callingcard_cp_career_vengeance,EM_BACK_MISSIONS_ven,500,0,0,0,global,,,0
background,48,48,t7_callingcard_cp_career_riseandfall,EM_BACK_MISSIONS_ram,500,0,0,0,global,,,0
background,49,49,t7_callingcard_cp_career_demonwithin,EM_BACK_MISSIONS_inf,500,0,0,0,global,,,0
background,50,50,t7_callingcard_cp_career_sandcastle,EM_BACK_MISSIONS_aqu,500,0,0,0,global,,,0
background,51,51,t7_callingcard_cp_career_lotustowers,EM_BACK_MISSIONS_lot,500,0,0,0,global,,,0
background,52,52,t7_callingcard_cp_career_life,EM_BACK_MISSIONS_zur,500,0,0,0,global,,,0
background,53,53,t7_callingcard_cp_career_immortal,EM_BACK_MISSIONS_nodeaths,500,0,0,0,global,,,0
background,54,54,CallingCards_MissionCPWidget,EM_BACK_MISSIONS_mastery,2000,0,0,0,global,,t7_callingcard_cp_career_master,0
background,55,55,t7_callingcard_zm_hunter_headhunter,EM_BACK_ZOMBIE_HUNTER_kill_headshot,500,0,0,0,global,,,0
background,56,56,t7_callingcard_zm_hunter_stabtastic,EM_BACK_ZOMBIE_HUNTER_kill_melee,500,0,0,0,global,,,0
background,57,57,t7_callingcard_zm_hunter_nosecondchances,EM_BACK_ZOMBIE_HUNTER_kill_crawler,500,0,0,0,global,,,0
background,58,58,t7_callingcard_zm_hunter_powerkiller,EM_BACK_ZOMBIE_HUNTER_kill_packapunch,500,0,0,0,global,,,0
background,59,59,t7_callingcard_zm_hunter_trapzartist,EM_BACK_ZOMBIE_HUNTER_kill_trap,500,0,0,0,global,,,0
background,60,60,t7_callingcard_zm_hunter_demolisher,EM_BACK_ZOMBIE_HUNTER_kill_explosives,500,0,0,0,global,,,0
background,61,61,t7_callingcard_zm_hunter_fiveforone,EM_BACK_ZOMBIE_HUNTER_explosion_multikill,500,0,0,0,global,,,0
background,62,62,t7_callingcard_zm_hunter_blastsmith,EM_BACK_ZOMBIE_HUNTER_blast_furnace,500,0,0,0,global,,,0
background,63,63,t7_callingcard_zm_hunter_downtothewire,EM_BACK_ZOMBIE_HUNTER_dead_wire,500,0,0,0,global,,,0
background,64,64,t7_callingcard_zm_hunter_leterrip,EM_BACK_ZOMBIE_HUNTER_fire_works,500,0,0,0,global,,,0
background,65,65,t7_callingcard_zm_hunter_bassboss,EM_BACK_ZOMBIE_HUNTER_thunder_wall,500,0,0,0,global,,,0
background,66,66,t7_callingcard_zm_hunter_zcruiter,EM_BACK_ZOMBIE_HUNTER_turned,500,0,0,0,global,,,0
background,67,67,CallingCards_ZMHunterWidget,EM_BACK_ZOMBIE_HUNTER_mastery,2000,0,0,0,global,,t7_callingcard_zm_hunter_master,0
background,68,68,t7_callingcard_zm_wasteland_gambler,EM_BACK_SURVIVALIST_buy_magic_box,500,0,0,0,global,,,0
background,69,69,t7_callingcard_zm_wasteland_bottlepoppers,EM_BACK_SURVIVALIST_buy_perk,500,0,0,0,global,,,0
background,70,70,t7_callingcard_zm_wasteland_off_the_shelf,EM_BACK_SURVIVALIST_buy_wallbuy,500,0,0,0,global,,,0
background,71,71,t7_callingcard_zm_wasteland_open_sesame,EM_BACK_SURVIVALIST_buy_door,500,0,0,0,global,,,0
background,72,72,t7_callingcard_zm_wasteland_helping_hand,EM_BACK_SURVIVALIST_revive,500,0,0,0,global,,,0
background,73,73,t7_callingcard_zm_wasteland_zurvivor,EM_BACK_SURVIVALIST_survive_rounds,500,0,0,0,global,,,0
background,74,74,t7_callingcard_zm_wasteland_constructinator,EM_BACK_SURVIVALIST_craftable,500,0,0,0,global,,,0
background,75,75,t7_callingcard_zm_wasteland_handyman,EM_BACK_SURVIVALIST_board,500,0,0,0,global,,,0
background,76,76,t7_callingcard_zm_wasteland_power_grab,EM_BACK_SURVIVALIST_powerup,500,0,0,0,global,,,0
background,77,77,CallingCards_SurvivalistWidget,EM_BACK_SURVIVALIST_mastery,2000,0,0,0,global,,t7_callingcard_zm_wasteland_master,0
background,78,78,t7_callingcard_zm_gumgobbler_gobbler,EM_BACK_GUM_GOBBLER_consume,500,0,0,0,global,,,0
background,79,79,t7_callingcard_zm_gumgobbler_aceupmysleeve,EM_BACK_GUM_GOBBLER_powerups,500,0,0,0,global,,,0
background,80,80,t7_callingcard_zm_gumgobbler_bulletbonanza,EM_BACK_GUM_GOBBLER_alchemical_antithesis,500,0,0,0,global,,,0
background,81,81,t7_callingcard_zm_gumgobbler_escapeartist,EM_BACK_GUM_GOBBLER_anywhere_but_here,500,0,0,0,global,,,0
background,82,82,t7_callingcard_zm_gumgobbler_contentshot,EM_BACK_GUM_GOBBLER_burned_out,500,0,0,0,global,,,0
background,83,83,t7_callingcard_zm_gumgobbler_bellsandwhistles,EM_BACK_GUM_GOBBLER_ephemeral_enhancement,500,0,0,0,global,,,0
background,84,84,t7_callingcard_zm_gumgobbler_fromashes,EM_BACK_GUM_GOBBLER_phoenix_up,500,0,0,0,global,,,0
background,85,85,t7_callingcard_zm_gumgobbler_zamurai,EM_BACK_GUM_GOBBLER_sword_flay,500,0,0,0,global,,,0
background,86,86,t7_callingcard_zm_gumgobbler_packagedeal,EM_BACK_GUM_GOBBLER_wall_power,500,0,0,0,global,,,0
background,87,87,CallingCards_GumGobblerZMWidget,EM_BACK_GUM_GOBBLER_mastery,2000,0,0,0,global,,t7_callingcard_zm_gumgobbler_master,0
background,88,88,t7_callingcard_zm_cthulhu_01,EM_BACK_DARKOPS_zod_ee,5000,0,0,0,global,,,0
background,89,89,t7_callingcard_zm_special_forces_patch_01,EM_BACK_DARKOPS_max_rank,10000,0,0,0,global,,,0
background,90,90,t7_callingcard_mp_specialistweapons_scythe,EM_BACK_SPECIALIST_MEDALS_hero_minigun,7500,0,0,0,hero,,,0
background,91,91,t7_callingcard_mp_specialistweapons_lightninggun,EM_BACK_SPECIALIST_MEDALS_hero_lightninggun,7500,0,0,0,hero,,,0
background,92,92,t7_callingcard_mp_specialistweapons_gravityspikes,EM_BACK_SPECIALIST_MEDALS_hero_gravityspikes,7500,0,0,0,hero,,,0
background,93,93,t7_callingcard_mp_specialistweapons_armblades,EM_BACK_SPECIALIST_MEDALS_hero_armblade,7500,0,0,0,hero,,,0
background,94,94,t7_callingcard_mp_specialistweapons_annihilator,EM_BACK_SPECIALIST_MEDALS_hero_annihilator,7500,0,0,0,hero,,,0
background,95,95,t7_callingcard_mp_specialistweapons_pineapplegun,EM_BACK_SPECIALIST_MEDALS_hero_pineapplegun,7500,0,0,0,hero,,,0
background,96,96,t7_callingcard_mp_specialistweapons_sparrow,EM_BACK_SPECIALIST_MEDALS_hero_bowlauncher,7500,0,0,0,hero,,,0
background,97,97,t7_callingcard_mp_specialistweapons_gelgun,EM_BACK_SPECIALIST_MEDALS_hero_chemicalgelgun,7500,0,0,0,hero,,,0
background,98,98,t7_callingcard_mp_specialistweapons_purifier,EM_BACK_SPECIALIST_MEDALS_hero_flamethrower,7500,0,0,0,hero,,,0
background,99,99,t7_callingcard_mp_specialistweapons_amped,EM_BACK_SPECIALIST_MEDALS_amped,1000,0,0,0,hero,,,0
background,100,100,t7_callingcard_mp_specialistweapons_stoked,EM_BACK_SPECIALIST_MEDALS_stoked,1000,0,0,0,hero,,,0
background,101,101,t7_callingcard_mp_specialistweapons_powerstruggle,EM_BACK_SPECIALIST_MEDALS_powerstruggle,2500,0,0,0,hero,,,0
background,102,102,CallingCards_SpecialistWeaponsWidget,EM_BACK_SPECIALIST_MEDALS_master,10000,0,0,0,hero,,t7_callingcard_mp_specialistweapons_gravityspikes,0
background,103,103,t7_callingcard_mp_bootcamp_wallcrawler,EM_BACK_BOOTCAMP_wallcrawler,2500,0,0,0,global,,,0
background,104,104,t7_callingcard_mp_bootcamp_airborne,EM_BACK_BOOTCAMP_airborne,2500,0,0,0,global,,,0
background,105,105,t7_callingcard_mp_bootcamp_slipshot,EM_BACK_BOOTCAMP_slipshot,2500,0,0,0,global,,,0
background,106,106,t7_callingcard_mp_bootcamp_commando,EM_BACK_BOOTCAMP_commando,2500,0,0,0,global,,,0
background,107,107,t7_callingcard_mp_bootcamp_wallscraper,EM_BACK_BOOTCAMP_wallscraper,2500,0,0,0,global,,,0
background,108,108,t7_callingcard_mp_bootcamp_backtoearth,EM_BACK_BOOTCAMP_backtoearth,2500,0,0,0,global,,,0
background,109,109,t7_callingcard_mp_bootcamp_frogman,EM_BACK_BOOTCAMP_frogman,1000,0,0,0,global,,,0
background,110,110,t7_callingcard_mp_bootcamp_fromthedepths,EM_BACK_BOOTCAMP_fromthedepths,1000,0,0,0,global,,,0
background,111,111,t7_callingcard_mp_bootcamp_combinatorial,EM_BACK_BOOTCAMP_combinatorial,500,0,0,0,global,,,0
background,112,112,t7_callingcard_mp_bootcamp_guerillawarfare,EM_BACK_BOOTCAMP_guerillawarfare,1000,0,0,0,global,,,0
background,113,113,t7_callingcard_mp_bootcamp_fit,EM_BACK_BOOTCAMP_fit,1000,0,0,0,global,,,0
background,114,114,t7_callingcard_mp_bootcamp_gunfighter,EM_BACK_BOOTCAMP_gunfighter,500,0,0,0,global,,,0
background,115,115,CallingCards_BootcampWidget,EM_BACK_BOOTCAMP_master,5000,0,0,0,global,,t7_callingcard_mp_bootcamp_master,0
background,116,116,t7_callingcard_mp_gamemode_career_wins,EM_BACK_GAMEMODE_career,5000,0,0,0,global,,,0
background,117,117,t7_callingcard_mp_gamemode_free_for_all_wins,EM_BACK_GAMEMODE_dm,5000,0,0,0,gamemode,,,0
background,118,118,t7_callingcard_mp_gamemode_team_deathmatch,EM_BACK_GAMEMODE_tdm,5000,0,0,0,gamemode,,,0
background,119,119,t7_callingcard_mp_gamemode_search_and_destroy,EM_BACK_GAMEMODE_sd,5000,0,0,0,gamemode,,,0
background,120,120,t7_callingcard_mp_gamemode_domination_wins,EM_BACK_GAMEMODE_dom,5000,0,0,0,gamemode,,,0
background,121,121,t7_callingcard_mp_gamemode_capture_the_flag,EM_BACK_GAMEMODE_ctf,5000,0,0,0,gamemode,,,0
background,122,122,t7_callingcard_mp_gamemode_demolition_wins,EM_BACK_GAMEMODE_dem,5000,0,0,0,gamemode,,,0
background,123,123,t7_callingcard_mp_gamemode_hardpoint,EM_BACK_GAMEMODE_koth,5000,0,0,0,gamemode,,,0
background,124,124,t7_callingcard_mp_gamemode_kill_confirmed,EM_BACK_GAMEMODE_conf,5000,0,0,0,gamemode,,,0
background,125,125,t7_callingcard_mp_gamemode_uplink_wins,EM_BACK_GAMEMODE_ball,5000,0,0,0,gamemode,,,0
background,126,126,t7_callingcard_mp_gamemode_safegaurd,EM_BACK_GAMEMODE_escort,5000,0,0,0,gamemode,,,0
background,127,127,t7_callingcard_mp_gamemode_gungame,EM_BACK_GAMEMODE_gun,5000,0,0,0,gamemode,,,0
background,128,128,CallingCards_GamemodesWidget,EM_BACK_GAMEMODE_master,10000,0,0,0,global,,t7_callingcard_mp_gamemode_master,0
background,129,129,t7_callingcard_mp_gamemodeheroics_topdog,EM_BACK_GAMEMODEHEROICS_topplayer,5000,0,0,0,global,,,0
background,130,130,t7_callingcard_mp_gamemodeheroics_topscorer,EM_BACK_GAMEMODEHEROICS_top3,5000,0,0,0,global,,,0
background,131,131,t7_callingcard_mp_gamemodeheroics_grizzledveteran,EM_BACK_GAMEMODEHEROICS_score,5000,0,0,0,global,,,0
background,132,132,t7_callingcard_mp_gamemodeheroics_defender,EM_BACK_GAMEMODEHEROICS_defends,5000,0,0,0,global,,,0
background,133,133,t7_callingcard_mp_gamemodeheroics_assault,EM_BACK_GAMEMODEHEROICS_assaults,5000,0,0,0,global,,,0
background,134,134,t7_callingcard_mp_gamemodeheroics_destroyer,EM_BACK_GAMEMODEHEROICS_captures,5000,0,0,0,global,,,0
background,135,135,t7_callingcard_mp_gamemodeheroics_takedown,EM_BACK_GAMEMODEHEROICS_kill_flag_carrier,5000,0,0,0,global,,,0
background,136,136,t7_callingcard_mp_gamemodeheroics_bombdefuser,EM_BACK_GAMEMODEHEROICS_defuses,5000,0,0,0,global,,,0
background,137,137,t7_callingcard_mp_gamemodeheroics_moviestar,EM_BACK_GAMEMODEHEROICS_final_killcam,1000,0,0,0,global,,,0
background,138,138,t7_callingcard_mp_gamemodeheroics_superstar,EM_BACK_GAMEMODEHEROICS_least_deaths,1000,0,0,0,global,,,0
background,139,139,t7_callingcard_mp_gamemodeheroics_ninja,EM_BACK_GAMEMODEHEROICS_last_man_alive,1000,0,0,0,global,,,0
background,140,140,t7_callingcard_mp_gamemodeheroics_coveringfire,EM_BACK_GAMEMODEHEROICS_defend_carrier_ctf_or_ball,1000,0,0,0,global,,,0
background,141,141,CallingCards_GameModeHeroicsWidget,EM_BACK_GAMEMODEHEROICS_master,10000,0,0,0,global,,t7_callingcard_mp_gamemodeheroics_master,0
background,142,142,t7_callingcard_mp_career_careerkills,EM_BACK_CAREER_kills,5000,0,0,0,global,,,0
background,143,143,t7_callingcard_mp_career_headshots,EM_BACK_CAREER_headshots,5000,0,0,0,global,,,0
background,144,144,t7_callingcard_mp_career_assaultrifle,EM_BACK_CAREER_weapon_assault,5000,0,0,0,global,,,0
background,145,145,t7_callingcard_mp_career_smg,EM_BACK_CAREER_weapon_smg,5000,0,0,0,global,,,0
background,146,146,t7_callingcard_mp_career_lmg,EM_BACK_CAREER_weapon_lmg,5000,0,0,0,global,,,0
background,147,147,t7_callingcard_mp_career_shotgun,EM_BACK_CAREER_weapon_cqb,5000,0,0,0,global,,,0
background,148,148,t7_callingcard_mp_career_sniper,EM_BACK_CAREER_weapon_sniper,5000,0,0,0,global,,,0
background,149,149,t7_callingcard_mp_career_pistol,EM_BACK_CAREER_weapon_pistol,5000,0,0,0,global,,,0
background,150,150,t7_callingcard_mp_career_careerwins,EM_BACK_CAREER_melee,5000,0,0,0,global,,,0
background,151,151,t7_callingcard_mp_career_scorestreak,EM_BACK_CAREER_killstreak,5000,0,0,0,global,,,0
background,152,152,t7_callingcard_mp_career_assist,EM_BACK_CAREER_assist_score_killstreak,5000,0,0,0,global,,,0
background,153,153,t7_callingcard_mp_career_inbound,EM_BACK_CAREER_call_in_killstreak,5000,0,0,0,group,,,0
background,154,154,CallingCards_MedievalWidget,EM_BACK_CAREER_master,10000,0,0,0,global,,t7_callingcard_mp_career_master,0
background,155,155,t7_callingcard_mp_killer_bloodthirsty,EM_BACK_KILLER_killstreak_5,2500,0,0,0,global,,,0
background,156,156,t7_callingcard_mp_killer_mercilesskiller,EM_BACK_KILLER_killstreak_10,2500,0,0,0,global,,,0
background,157,157,t7_callingcard_mp_killer_ruthlesskiller,EM_BACK_KILLER_killstreak_15,2500,0,0,0,global,,,0
background,158,158,t7_callingcard_mp_killer_doublekiller,EM_BACK_KILLER_multikill_2,1000,0,0,0,global,,,0
background,159,159,t7_callingcard_mp_killer_triplekiller,EM_BACK_KILLER_multikill_3,2500,0,0,0,global,,,0
background,160,160,t7_callingcard_mp_killer_furykiller,EM_BACK_KILLER_multikill_4,5000,0,0,0,global,,,0
background,161,161,t7_callingcard_mp_killer_fourpiecedinner,EM_BACK_KILLER_four_piece,2500,0,0,0,global,,,0
background,162,162,t7_callingcard_mp_killer_greedy,EM_BACK_KILLER_kill_enemies_one_bullet,2500,0,0,0,global,,,0
background,163,163,t7_callingcard_mp_killer_aggression,EM_BACK_KILLER_double_kill_defenders,2500,0,0,0,global,,,0
background,164,164,t7_callingcard_mp_killer_rejection,EM_BACK_KILLER_double_kill_attackers,2500,0,0,0,global,,,0
background,165,165,t7_callingcard_mp_killer_resistance,EM_BACK_KILLER_multikill_5_attackers,2500,0,0,0,global,,,0
background,166,166,t7_callingcard_mp_killer_doingwork,EM_BACK_KILLER_triple_kill_defenders_and_capture,2500,0,0,0,global,,,0
background,167,167,CallingCards_KillerWidget,EM_BACK_KILLER_mastery,10000,0,0,0,global,,t7_callingcard_mp_killer_master,0
background,168,168,t7_callingcard_mp_humiliation_thekingisdead3,EM_BACK_HUMILIATION_kingslayer,2500,0,0,0,global,,,0
background,169,169,t7_callingcard_mp_humiliation_heartbreaker3,EM_BACK_HUMILIATION_stop_enemy_killstreak,2500,0,0,0,global,,,0
background,170,170,t7_callingcard_mp_humiliation_fromthegrave3,EM_BACK_HUMILIATION_afterlife,2500,0,0,0,global,,,0
background,171,171,t7_callingcard_mp_humiliation_blunttrama3,EM_BACK_HUMILIATION_nosebreaker,2500,0,0,0,global,,,0
background,172,172,t7_callingcard_mp_humiliation_unforgiving,EM_BACK_HUMILIATION_revenge,2500,0,0,0,global,,,0
background,173,173,t7_callingcard_mp_humiliation_stickybomber3,EM_BACK_HUMILIATION_stuck,2500,0,0,0,global,,,0
background,174,174,t7_callingcard_mp_humiliation_backfire3,EM_BACK_HUMILIATION_backfire,2500,0,0,0,global,,,0
background,175,175,t7_callingcard_mp_humiliation_snackattack3,EM_BACK_HUMILIATION_frag_multikill,2500,0,0,0,global,,,0
background,176,176,t7_callingcard_mp_humiliation_focused,EM_BACK_HUMILIATION_kill_enemy_that_blinded_you,1000,0,0,0,global,,,0
background,177,177,t7_callingcard_mp_humiliation_archnemesis,EM_BACK_HUMILIATION_kill_nemesis,1000,0,0,0,global,,,0
background,178,178,t7_callingcard_mp_humiliation_gonefishing,EM_BACK_HUMILIATION_kill_underwater_with_explosive,1000,0,0,0,global,,,0
background,179,179,t7_callingcard_mp_humiliation_knuckleduster,EM_BACK_HUMILIATION_kill_with_fists,2500,0,0,0,global,,,0
background,180,180,CallingCards_HumiliationWidget,EM_BACK_HUMILIATION_master,2500,0,0,0,global,,t7_callingcard_mp_humiliation_master,0
background,181,181,t7_callingcard_mp_darkops_relentlesskiller1,EM_BACK_DARK_OPS_killstreak_20,5000,0,0,0,global,,,0
background,182,182,t7_callingcard_mp_darkops_brutalkiller,EM_BACK_DARK_OPS_killstreak_25,5000,0,0,0,global,,,0
background,183,183,t7_callingcard_mp_darkops_nuclearkiller,EM_BACK_DARK_OPS_killstreak_30,5000,0,0,0,global,,,0
background,184,184,t7_callingcard_mp_darkops_frenzykiller,EM_BACK_DARK_OPS_multikill_5,5000,0,0,0,global,,,0
background,185,185,t7_callingcard_mp_darkops_superkiller,EM_BACK_DARK_OPS_multikill_6,5000,0,0,0,global,,,0
background,186,186,t7_callingcard_mp_darkops_megakiller,EM_BACK_DARK_OPS_multikill_7,10000,0,0,0,global,,,0
background,187,187,t7_callingcard_mp_darkops_ultrakiller,EM_BACK_DARK_OPS_multikill_8,10000,0,0,0,global,,,0
background,188,188,t7_callingcard_mp_darkops_chainkiller,EM_BACK_DARK_OPS_multikill_more_than_8,10000,0,0,0,global,,,0
background,189,189,t7_callingcard_mp_darkops_nukedout,EM_BACK_DARK_OPS_killstreak_30_no_scorestreaks,5000,0,0,0,global,,,0
background,190,190,t7_callingcard_mp_darkops_obtained,EM_BACK_DARK_OPS_all_diamond_weapons,10000,0,0,0,global,,,0
background,191,191,CallingCards_100Percent,EM_BACK_DARK_OPS_completed_all_challenges,10000,0,0,0,global,,t7_callingcard_mp_100percent_master,0
background,192,192,t7_callingcard_mp_darkops_trickshot,EM_BACK_DARK_OPS_destroy_hcxd_with_hatchet,2500,0,0,0,global,,,0
background,193,193,t7_callingcard_mp_darkops_drlung,EM_BACK_DARK_OPS_dr_lung,2500,0,0,0,global,,,0
background,194,194,t7_callingcard_mp_darkops_calamity,EM_BACK_DARK_OPS_kill_entire_team_with_specialist_weapon,2500,0,0,0,global,,,0
background,195,195,t7_callingcard_mp_darkops_finishthejob,EM_BACK_DARK_OPS_kill_enemy_5_teammates_assists,2500,0,0,0,global,,,0
background,196,196,t7_callingcard_mp_specialistabilities_combatfocus,EM_BACK_ABILITIES_focus_earn_scorestreak,7500,0,0,0,global,,,0
background,197,197,t7_callingcard_mp_specialistabilities_overdrive,EM_BACK_ABILITIES_speed_burst_kill,7500,0,0,0,global,,,0
background,198,198,t7_callingcard_mp_specialistabilities_psychosis,EM_BACK_ABILITIES_psychosis_kill,7500,0,0,0,global,,,0
background,199,199,t7_callingcard_mp_specialistabilities_visionpulse,EM_BACK_ABILITIES_vision_pulse_kill,7500,0,0,0,global,,,0
background,200,200,t7_callingcard_mp_specialistabilities_rejack,EM_BACK_ABILITIES_resurrect_kill,7500,0,0,0,global,,,0
background,201,201,t7_callingcard_mp_specialistabilities_glitch,EM_BACK_ABILITIES_flashback_kill,7500,0,0,0,global,,,0
background,202,202,t7_callingcard_mp_specialistabilities_opticcamo,EM_BACK_ABILITIES_optic_camo_kill,7500,0,0,0,global,,,0
background,203,203,t7_callingcard_mp_specialistabilities_kneticarmor,EM_BACK_ABILITIES_power_armor_kill,7500,0,0,0,global,,,0
background,204,204,t7_callingcard_mp_specialistabilities_heatwave,EM_BACK_ABILITIES_heatwave_kill,7500,0,0,0,global,,,0
background,205,205,t7_callingcard_mp_specialistabilities_doubletime,EM_BACK_ABILITIES_multikill_2_with_heroability,2500,0,0,0,global,,,0
background,206,206,t7_callingcard_mp_specialistabilities_versatile,EM_BACK_ABILITIES_multikill_3_with_heroability,2500,0,0,0,global,,,0
background,207,207,t7_callingcard_mp_specialistabilities_deathdodger,EM_BACK_ABILITIES_death_dodger,1000,0,0,0,global,,,0
background,208,208,CallingCards_SpecialistAbilitiesWidget,EM_BACK_ABILITIES_master,10000,0,0,0,global,,t7_callingcard_mp_specialistabilities_master,0
background,209,209,t7_callingcard_mp_killjoys_crymeariver,EM_BACK_KILLJOY_kill_before_specialist_weapon_use,5000,0,0,0,global,,,0
background,210,210,t7_callingcard_mp_killjoys_doneanddone,EM_BACK_KILLJOY_end_enemy_specialist_weapon,5000,0,0,0,global,,,0
background,211,211,t7_callingcard_mp_killjoys_shortcircuit,EM_BACK_KILLJOY_end_enemy_specialist_ability_with_emp,1000,0,0,0,global,,,0
background,212,212,t7_callingcard_mp_killjoys_backatyou,EM_BACK_KILLJOY_kill_enemy_that_pulsed_you,1000,0,0,0,global,,,0
background,213,213,t7_callingcard_mp_killjoys_glitchfix,EM_BACK_KILLJOY_kill_enemy_who_has_flashedback,1000,0,0,0,global,,,0
background,214,214,t7_callingcard_mp_killjoys_psychedout,EM_BACK_KILLJOY_end_enemy_psychosis,1000,0,0,0,global,,,0
background,215,215,t7_callingcard_mp_killjoys_speedburst,EM_BACK_KILLJOY_kill_enemy_who_is_speedbursting,1000,0,0,0,global,,,0
background,216,216,t7_callingcard_mp_killjoys_focus,EM_BACK_KILLJOY_kill_enemy_who_is_using_focus,1000,0,0,0,global,,,0
background,217,217,t7_callingcard_mp_killjoys_armor,EM_BACK_KILLJOY_kill_enemy_who_has_powerarmor,1000,0,0,0,global,,,0
background,218,218,t7_callingcard_mp_killjoys_heatwave,EM_BACK_KILLJOY_kill_enemy_that_heatwaved_you,1000,0,0,0,global,,,0
background,219,219,t7_callingcard_mp_killjoys_rejack,EM_BACK_KILLJOY_kill_enemy_used_resurrect,1000,0,0,0,global,,,0
background,220,220,t7_callingcard_mp_killjoys_opticcamo,EM_BACK_KILLJOY_kill_enemy_that_is_using_optic_camo,1000,0,0,0,global,,,0
background,221,221,CallingCards_SpecialistKilljoysWidget,EM_BACK_KILLJOY_master,10000,0,0,0,global,,t7_callingcard_mp_killjoys_master,0
background,222,222,t7_callingcard_promo_beta,EM_BACK_PROMO_beta,0,0,0,0,default,,,0
background,223,223,t7_callingcard_promo_carlsjr,EM_BACK_PROMO_carlsjr,0,0,0,0,default,,,0
background,224,224,t7_callingcard_promo_dew,EM_BACK_PROMO_dew,0,0,0,0,default,,,0
background,225,225,t7_callingcard_promo_iii,EM_BACK_PROMO_iii,0,0,0,0,default,,,0
background,226,226,t7_callingcard_promo_loyalty,EM_BACK_PROMO_loyalty,0,0,0,0,default,,,0
background,227,227,t7_callingcard_promo_signup,EM_BACK_PROMO_signup,0,0,0,0,default,,,0
background,228,228,t7_callingcard_mp_wildcards_primarygunfighter4,EM_BACK_WILDCARDS_bonuscard_primary_gunfighter,7500,0,0,0,bonuscard,,,0
background,229,229,t7_callingcard_mp_wildcards_secondarygunfighter4,EM_BACK_WILDCARDS_bonuscard_secondary_gunfighter,7500,0,0,0,bonuscard,,,0
background,230,230,t7_callingcard_mp_wildcards_overkill5,EM_BACK_WILDCARDS_bonuscard_overkill,7500,0,0,0,bonuscard,,,0
background,231,231,t7_callingcard_mp_wildcards_dangerclose5,EM_BACK_WILDCARDS_bonuscard_danger_close,7500,0,0,0,bonuscard,,,0
background,232,232,t7_callingcard_mp_wildcards_tactician5,EM_BACK_WILDCARDS_bonuscard_two_tacticals,7500,0,0,0,bonuscard,,,0
background,233,233,t7_callingcard_mp_wildcards_guerilla4,EM_BACK_WILDCARDS_overkill_gunfighter_5_attachments,7500,0,0,0,bonuscard,,,0
background,234,234,t7_callingcard_mp_wildcards_perk1greed5,EM_BACK_WILDCARDS_bonuscard_perk_1_greed,7500,0,0,0,bonuscard,,,0
background,235,235,t7_callingcard_mp_wildcards_perk2greed5,EM_BACK_WILDCARDS_bonuscard_perk_2_greed,7500,0,0,0,bonuscard,,,0
background,236,236,t7_callingcard_mp_wildcards_perk3greed5,EM_BACK_WILDCARDS_bonuscard_perk_3_greed,7500,0,0,0,global,,,0
background,237,237,t7_callingcard_mp_wildcards_rulebreaker,EM_BACK_WILDCARDS_kill_2_wildcards,5000,0,0,0,global,,,0
background,238,238,t7_callingcard_mp_wildcards_gunfighter,EM_BACK_WILDCARDS_kill_optic_5_attachments,750,0,0,0,global,,,0
background,239,239,t7_callingcard_mp_wildcards_supergreedy,EM_BACK_WILDCARDS_kill_2_greed_2_perks_each,750,0,0,0,global,,,0
background,240,240,CallingCards_SciFiWidget,EM_BACK_WILDCARDS_master,5000,0,0,0,global,,t7_callingcard_mp_wildcards_master,0
background,241,241,t7_callingcard_mp_airassault_dart_iv,EM_BACK_killstreak_dart,5000,0,0,0,killstreak,,,0
background,242,242,t7_callingcard_mp_airassault_hellstorm_kills_iv,EM_BACK_killstreak_remote_missile,5000,0,0,0,killstreak,,,0
background,243,243,t7_callingcard_mp_airassault_lightning_strike_kills_i,EM_BACK_killstreak_planemortar,5000,0,0,0,killstreak,,,0
background,244,244,t7_callingcard_mp_airassault_sentinel_kills_iv,EM_BACK_killstreak_sentinel,5000,0,0,0,killstreak,,,0
background,245,245,t7_callingcard_mp_airassault_wraith_kills_iv,EM_BACK_killstreak_helicopter_comlink,5000,0,0,0,killstreak,,,0
background,246,246,t7_callingcard_mp_airassault_rolling_thunder_kills_v,EM_BACK_killstreak_drone_strike,5000,0,0,0,killstreak,,,0
background,247,247,t7_callingcard_mp_airassault_mothership_kills_iv,EM_BACK_killstreak_helicopter_player_gunner,5000,0,0,0,killstreak,,,0
background,248,248,t7_callingcard_mp_airassault_support_gunner_i,EM_BACK_killstreak_kill_as_support_gunner,500,0,0,0,global,,,0
background,249,249,t7_callingcard_mp_airassault_maximum_payload,EM_BACK_killstreak_multikill_3_remote_missile,1000,0,0,0,global,,,0
background,250,250,t7_callingcard_mp_airassault_predatorial,EM_BACK_killstreak_kill_with_controlled_sentinel,1000,0,0,0,global,,,0
background,251,251,t7_callingcard_mp_airassault_threat_neutralized,EM_BACK_killstreak_multikill_2_objective_scorestreak_projectile,1000,0,0,0,global,,,0
background,252,252,t7_callingcard_mp_airassault_overwatch,EM_BACK_killstreak_kill_2_attackers_with_comlink,1000,0,0,0,global,,,0
background,253,253,CallingCards_AirAssaultWidget,EM_BACK_air_assault_master,10000,0,0,0,global,,t7_callingcard_mp_airassault_master,0
background,254,254,t7_callingcard_mp_groundassault_hcxdkills,EM_BACK_killstreak_rcbomb,5000,0,0,0,killstreak,,,0
background,255,255,t7_callingcard_mp_groundassault_sentrygunkills,EM_BACK_killstreak_auto_turret,5000,0,0,0,killstreak,,,0
background,256,256,t7_callingcard_mp_groundassault_cerberus,EM_BACK_killstreak_ai_tank_drop,5000,0,0,0,killstreak,,,0
background,257,257,t7_callingcard_mp_groundassault_giunitkills,EM_BACK_killstreak_combat_robot,5000,0,0,0,killstreak,,,0
background,258,258,t7_callingcard_mp_groundassault_rapskill,EM_BACK_killstreak_raps,5000,0,0,0,killstreak,,,0
background,259,259,t7_callingcard_mp_groundassault_hcmultibomber,EM_BACK_killstreak_multikill_2_rcbomb,1000,0,0,0,killstreak,,,0
background,260,260,t7_callingcard_mp_groundassault_heavycover,EM_BACK_killstreak_kills_auto_turret_5,1000,0,0,0,killstreak,,,0
background,261,261,t7_callingcard_mp_groundassault_tracker,EM_BACK_killstreak_kill_with_controlled_ai_tank,2500,0,0,0,global,,,0
background,262,262,t7_callingcard_mp_groundassault_gidefender,EM_BACK_killstreak_kill_attacker_with_robot_or_tank,2500,0,0,0,global,,,0
background,263,263,t7_callingcard_mp_groundassault_sentryduty,EM_BACK_killstreak_multikill_3_attackers_ai_tank,1000,0,0,0,global,,,0
background,264,264,t7_callingcard_mp_groundassault_chase,EM_BACK_killstreak_kill_wallrunner_or_air_with_rcbomb,1000,0,0,0,global,,,0
background,265,265,t7_callingcard_mp_groundassault_buddiesforlife,EM_BACK_killstreak_kill_enemy_who_damaged_robot,1000,0,0,0,global,,,0
background,266,266,CallingCards_GroundAssaultWidget,EM_BACK_ground_assault_master,10000,0,0,0,global,,t7_callingcard_mp_groundassault_master,0
background,267,267,t7_callingcard_mp_support_actionableintel1,EM_BACK_killstreak_uav,5000,0,0,0,killstreak,,,0
background,268,268,t7_callingcard_mp_support_counterintelligence1,EM_BACK_killstreak_counteruav,5000,0,0,0,killstreak,,,0
background,269,269,t7_callingcard_mp_support_bakedtoperfection1,EM_BACK_killstreak_microwave_turret,5000,0,0,0,killstreak,,,0
background,270,270,t7_callingcard_mp_support_eyesinthesky1,EM_BACK_killstreak_satellite,5000,0,0,0,killstreak,,,0
background,271,271,t7_callingcard_mp_support_uavsupport1,EM_BACK_ASSIST_killstreak_uav,5000,0,0,0,killstreak,,,0
background,272,272,t7_callingcard_mp_support_counteruavsupport1,EM_BACK_ASSIST_killstreak_counteruav,5000,0,0,0,killstreak,,,0
background,273,273,t7_callingcard_mp_support_downandout1,EM_BACK_killstreak_emp,5000,0,0,0,killstreak,,,0
background,274,274,t7_callingcard_mp_support_guardiansupport1,EM_BACK_ASSIST_killstreak_satellite,5000,0,0,0,killstreak,,,0
background,275,275,t7_callingcard_mp_support_powercoresupport1,EM_BACK_ASSIST_killstreak_emp,5000,0,0,0,killstreak,,,0
background,276,276,t7_callingcard_mp_support_hardcounter,EM_BACK_destroy_aircraft_with_emp ,1000,0,0,0,global,,,0
background,277,277,t7_callingcard_mp_support_overcooked,EM_BACK_killstreak_medal_microwave_turret_kill,750,0,0,0,global,,,0
background,278,278,t7_callingcard_mp_support_makeitrain,EM_BACK_killstreak_call_in_3_care_packages,1000,0,0,0,global,,,0
background,279,279,CallingCards_SupportWidget,EM_BACK_support_master,10000,0,0,0,global,,t7_callingcard_mp_support_master,0
background,280,280,t7_callingcard_mp_returnfire_junkyard,EM_BACK_RETURNFIRE_destroy_turret,5000,0,0,0,global,,,0
background,281,281,t7_callingcard_mp_returnfire_antiairspecialist,EM_BACK_RETURNFIRE_destroy_aircraft,5000,0,0,0,global,,,0
background,282,282,t7_callingcard_mp_returnfire_lovr,EM_BACK_RETURNFIRE_destroyed_vsat,1000,0,0,0,global,,,0
background,283,283,t7_callingcard_mp_returnfire_powereddown,EM_BACK_RETURNFIRE_destroyed_emp,1000,0,0,0,global,,,0
background,284,284,t7_callingcard_mp_returnfire_flyswatter,EM_BACK_RETURNFIRE_destroyed_sentinel,1000,0,0,0,global,,,0
background,285,285,t7_callingcard_mp_returnfire_drones,EM_BACK_RETURNFIRE_destroyed_aitank,1000,0,0,0,global,,,0
background,286,286,t7_callingcard_mp_returnfire_killjoy,EM_BACK_RETURNFIRE_destroyed_rcxd,1000,0,0,0,global,,,0
background,287,287,t7_callingcard_mp_returnfire_raps,EM_BACK_RETURNFIRE_destroy_raps_before_drop,1000,0,0,0,global,,,0
background,288,288,t7_callingcard_mp_returnfire_resourceful,EM_BACK_RETURNFIRE_destroy_scorestreak_with_specialist,1000,0,0,0,global,,,0
background,289,289,t7_callingcard_mp_returnfire_smallgamehunter,EM_BACK_RETURNFIRE_shoot_down_sentinel,2000,0,0,0,global,,,0
background,290,290,t7_callingcard_mp_returnfire_thief,EM_BACK_RETURNFIRE_capture_enemy_carepackage,1000,0,0,0,global,,,0
background,291,291,t7_callingcard_mp_returnfire_jetfighter,EM_BACK_RETURNFIRE_destroy_scorestreak_with_dart,1000,0,0,0,global,,,0
background,292,292,CallingCards_ReturnFireWidget,EM_BACK_RETURNFIRE_master,10000,0,0,0,global,,t7_callingcard_mp_returnfire_master,0
background,293,293,t7_callingcard_mp_handling_extendedmag,EM_BACK_HANDLING_extclip,3000,0,0,0,attachment,,,0
background,294,294,t7_callingcard_mp_handling_grip,EM_BACK_HANDLING_grip,3000,0,0,0,attachment,,,0
background,295,295,t7_callingcard_mp_handling_quickdraw,EM_BACK_HANDLING_quickdraw,3000,0,0,0,attachment,,,0
background,296,296,t7_callingcard_mp_handling_stock,EM_BACK_HANDLING_stalker,3000,0,0,0,attachment,,,0
background,297,297,t7_callingcard_mp_handling_dualwield,EM_BACK_HANDLING_dw,3000,0,0,0,attachment,,,0
background,298,298,t7_callingcard_mp_handling_ballistics,EM_BACK_HANDLING_swayreduc,3000,0,0,0,attachment,,,0
background,299,299,t7_callingcard_mp_handling_fastmag,EM_BACK_HANDLING_fastreload,3000,0,0,0,global,,,0
background,300,300,t7_callingcard_mp_handling_tbd01,EM_BACK_HANDLING_kills_ads_quickdraw_and_grip,750,0,0,0,global,,,0
background,301,301,t7_callingcard_mp_handling_tbd02,EM_BACK_HANDLING_kills_one_life_fastmags_and_extclip,750,0,0,0,global,,,0
background,302,302,t7_callingcard_mp_handling_termination,EM_BACK_HANDLING_kills_sprinting_dual_wield_and_gung_ho,750,0,0,0,global,,,0
background,303,303,t7_callingcard_mp_handling_steadyaim,EM_BACK_HANDLING_kills_ads_stock_and_cpu,750,0,0,0,global,,,0
background,304,304,t7_callingcard_mp_handling_smoothoperator,EM_BACK_HANDLING_kills_extclip_grip_fastmag_quickdraw_stock,750,0,0,0,global,,,0
background,305,305,CallingCards_HandlingWidget,EM_BACK_HANDLING_master,5000,0,0,0,global,,t7_callingcard_mp_handling_master,0
background,306,306,t7_callingcard_mp_efficiency_efficiency_fmj,EM_BACK_EFFICIENCY_kill_enemy_through_wall_with_fmj,3000,0,0,0,global,,,0
background,307,307,t7_callingcard_mp_efficiency_high_caliber,EM_BACK_EFFICIENCY_damage,3000,0,0,0,attachment,,,0
background,308,308,t7_callingcard_mp_efficiency_suppressor,EM_BACK_EFFICIENCY_suppressed,3000,0,0,0,attachment,,,0
background,309,309,t7_callingcard_mp_efficiency_long_barrel,EM_BACK_EFFICIENCY_extbarrel,3000,0,0,0,attachment,,,0
background,310,310,t7_callingcard_mp_efficiency_laser_sight,EM_BACK_EFFICIENCY_steadyaim,3000,0,0,0,attachment,,,0
background,311,311,t7_callingcard_mp_efficiency_rapid_fire,EM_BACK_EFFICIENCY_rf,3000,0,0,0,attachment,,,0
background,312,312,t7_callingcard_mp_efficiency_headhunter,EM_BACK_EFFICIENCY_headshot_fmj_highcaliber_longbarrel,750,0,0,0,global,,,0
background,313,313,t7_callingcard_mp_efficiency_gunning,EM_BACK_EFFICIENCY_kills_hipfire_rapidfire_lasersights_fasthands,750,0,0,0,global,,,0
background,314,314,t7_callingcard_mp_efficiency_phantom,EM_BACK_EFFICIENCY_kills_suppressor_ghost_hardwired_blastsuppressor,750,0,0,0,global,,,0
background,315,315,t7_callingcard_mp_efficiency_assassin,EM_BACK_EFFICIENCY_long_shot_longbarrel_suppressor_optic,750,0,0,0,global,,,0
background,316,316,t7_callingcard_mp_efficiency_hot_lead,EM_BACK_EFFICIENCY_destroy_scorestreak_rapidfire_fmj,750,0,0,0,global,,,0
background,317,317,t7_callingcard_mp_efficiency_packed_pistol,EM_BACK_EFFICIENCY_kills_pistol_lasersight_suppressor_longbarrel,750,0,0,0,global,,,0
background,318,318,CallingCards_EfficiencyWidget,EM_BACK_EFFICIENCY_master,5000,0,0,0,global,,t7_callingcard_mp_efficiency_master,0
background,319,319,t7_callingcard_mp_lethals_frag,EM_BACK_LETHALS_frag_grenade,3000,0,0,0,weapon_grenade,,,0
background,320,320,t7_callingcard_mp_lethals_semtex,EM_BACK_LETHALS_sticky_grenade,3000,0,0,0,weapon_grenade,,,0
background,321,321,t7_callingcard_mp_lethals_axe,EM_BACK_LETHALS_hatchet,3000,0,0,0,weapon_grenade,,,0
background,322,322,t7_callingcard_mp_lethals_c4,EM_BACK_LETHALS_satchel_charge,3000,0,0,0,weapon_grenade,,,0
background,323,323,t7_callingcard_mp_lethals_thermite,EM_BACK_LETHALS_incendiary_grenade,3000,0,0,0,weapon_grenade,,,0
background,324,324,t7_callingcard_mp_lethals_trip_mine,EM_BACK_LETHALS_bouncingbetty,3000,0,0,0,weapon_grenade,,,0
background,325,325,t7_callingcard_mp_lethals_discipline,EM_BACK_LETHALS_kills_double_kill_3_lethal,750,0,0,0,global,,,0
background,326,326,t7_callingcard_mp_lethals_chophouse,EM_BACK_LETHALS_kills_first_throw_both_hatchets,750,0,0,0,global,,,0
background,327,327,t7_callingcard_mp_lethals_resourceful,EM_BACK_LETHALS_kills_3_resupplied_nade_one_life,750,0,0,0,global,,,0
background,328,328,t7_callingcard_mp_lethals_chef,EM_BACK_LETHALS_kill_with_cooked_grenade,750,0,0,0,global,,,0
background,329,329,t7_callingcard_mp_lethals_wait,EM_BACK_LETHALS_kill_trip_mine_shocked,750,0,0,0,global,,,0
background,330,330,t7_callingcard_mp_lethals_dazed,EM_BACK_LETHALS_kill_stun_lethal,750,0,0,0,global,,,0
background,331,331,CallingCards_LethalsWidget,EM_BACK_LETHALS_master,5000,0,0,0,global,,t7_callingcard_mp_lethals_master,0
background,332,332,t7_callingcard_mp_tacticals_shockcharge,EM_BACK_TACTICALS_kill_shocked_enemy,7500,0,0,0,global,,,0
background,333,333,t7_callingcard_mp_tacticals_emp,EM_BACK_TACTICALS_destroy_equipment_with_emp_grenade,7500,0,0,0,global,,,0
background,334,334,t7_callingcard_mp_tacticals_concusion,EM_BACK_TACTICALS_kill_concussed_enemy,7500,0,0,0,global,,,0
background,335,335,t7_callingcard_mp_tacticals_flashgrenade,EM_BACK_TACTICALS_kill_flashed_enemy,7500,0,0,0,global,,,0
background,336,336,t7_callingcard_mp_tacticals_smokescreen,EM_BACK_TACTICALS_capture_objective_in_smoke,7500,0,0,0,global,,,0
background,337,337,t7_callingcard_mp_tacticals_trophysystem,EM_BACK_TACTICALS_destroy_explosive_with_trophy,7500,0,0,0,global,,,0
background,338,338,t7_callingcard_mp_tacticals_blackhat,EM_BACK_TACTICALS_hack_enemy_target,7500,0,0,0,global,,,0
background,339,339,t7_callingcard_mp_tacticals_realytactical,EM_BACK_TACTICALS_capture_objective_tactician,750,0,0,0,global,,,0
background,340,340,t7_callingcard_mp_tacticals_soulcrusher,EM_BACK_TACTICALS_destroy_equipment_with_emp_engineer,750,0,0,0,global,,,0
background,341,341,t7_callingcard_mp_tacticals_hackalicious,EM_BACK_TACTICALS_hack_streak_with_blindeye_or_engineer,750,0,0,0,global,,,0
background,342,342,t7_callingcard_mp_tacticals_fogofwar,EM_BACK_TACTICALS_kill_with_thermal_and_smoke_ads,750,0,0,0,global,,,0
background,343,343,t7_callingcard_mp_tacticals_insurancepolicy,EM_BACK_TACTICALS_protect_streak_with_trophy,750,0,0,0,global,,,0
background,344,344,CallingCards_TacticalsWidget,EM_BACK_TACTICALS_master,5000,0,0,0,global,,t7_callingcard_mp_tacticals_master,0
background,345,345,t7_callingcard_mp_perk1_afterburner5,EM_BACK_PERKS1_kills_after_jumping_or_sliding,7500,0,0,0,global,,,0
background,346,346,t7_callingcard_mp_perk1_sixthsense5,EM_BACK_PERKS1_kill_enemy_sixth_sense,7500,0,0,0,global,,,0
background,347,347,t7_callingcard_mp_perk1_blindeye5,EM_BACK_PERKS1_destroy_ai_aircraft_using_blindeye,7500,0,0,0,global,,,0
background,348,348,t7_callingcard_mp_perk1_flakjacket5,EM_BACK_PERKS1_survive_with_flak,7500,0,0,0,global,,,0
background,349,349,t7_callingcard_mp_perk1_overclock5,EM_BACK_PERKS1_kill_with_specialist_overclock,7500,0,0,0,global,,,0
background,350,350,t7_callingcard_mp_perk1_ghost5,EM_BACK_PERKS1_kill_uav_enemy_with_ghost,7500,0,0,0,global,,,0
background,351,351,t7_callingcard_mp_perk1_thickskinned,EM_BACK_PERKS1_kill_enemy_survive_flak,750,0,0,0,global,,,0
background,352,352,t7_callingcard_mp_perk1_invisible,EM_BACK_PERKS1_kill_blindeye_ghost_aircraft,750,0,0,0,global,,,0
background,353,353,t7_callingcard_mp_perk1_powerful,EM_BACK_PERKS1_kill_overclock_afterburner_specialist_weapon_after_thrust,750,0,0,0,global,,,0
background,354,354,t7_callingcard_mp_perk1_extrasensory,EM_BACK_PERKS1_kill_sixthsense_awareness,750,0,0,0,global,,,0
background,355,355,t7_callingcard_mp_perk1_cantbebothered,EM_BACK_PERKS1_kill_flak_tac_while_stunned,750,0,0,0,global,,,0
background,356,356,t7_callingcard_mp_perk1_spareparts,EM_BACK_PERKS1_destroy_air_and_ground_blindeye_coldblooded,750,0,0,0,global,,,0
background,357,357,CallingCards_Perk1Widget,EM_BACK_PERKS1_master,5000,0,0,0,global,,t7_callingcard_mp_perk1_master,0
background,358,358,t7_callingcard_mp_perk2_coldblooded5,EM_BACK_PERKS2_destroy_ai_scorestreak_coldblooded,7500,0,0,0,global,,,0
background,359,359,t7_callingcard_mp_perk2_hardwired5,EM_BACK_PERKS2_kills_counteruav_emp_hardline,7500,0,0,0,global,,,0
background,360,360,t7_callingcard_mp_perk2_scavenger5,EM_BACK_PERKS2_kill_after_resupply,7500,0,0,0,global,,,0
background,361,361,t7_callingcard_mp_perk2_fasthands5,EM_BACK_PERKS2_kills_after_sprint_fasthands,7500,0,0,0,global,,,0
background,362,362,t7_callingcard_mp_perk2_tracker5,EM_BACK_PERKS2_kill_detect_tracker,7500,0,0,0,global,,,0
background,363,363,t7_callingcard_mp_perk2_anteup5,EM_BACK_PERKS2_earn_scorestreak_anteup,7500,0,0,0,global,,,0
background,364,364,t7_callingcard_mp_perk2_greed1,EM_BACK_PERKS2_earn_5_scorestreaks_anteup,750,0,0,0,global,,,0
background,365,365,t7_callingcard_mp_perk2_marauder,EM_BACK_PERKS2_kill_scavenger_tracker_resupply,750,0,0,0,global,,,0
background,366,366,t7_callingcard_mp_perk2_undetectable,EM_BACK_PERKS2_kill_hardwired_coldblooded,750,0,0,0,global,,,0
background,367,367,t7_callingcard_mp_perk2_fastearner,EM_BACK_PERKS2_kill_anteup_overclock_scorestreak_specialist,750,0,0,0,global,,,0
background,368,368,t7_callingcard_mp_perk2_agile,EM_BACK_PERKS2_kill_fasthands_gungho_sprint,750,0,0,0,global,,,0
background,369,369,t7_callingcard_mp_perk2_seeker,EM_BACK_PERKS2_kill_tracker_sixthsense,750,0,0,0,global,,,0
background,370,370,CallingCards_Perk2Widget,EM_BACK_PERKS2_master,5000,0,0,0,global,,t7_callingcard_mp_perk2_master,0
background,371,371,t7_callingcard_mp_perk3_gungho,EM_BACK_PERKS3_kill_hip_gung_ho,7500,0,0,0,global,,,0
background,372,372,t7_callingcard_mp_perk3_blastsurpressor,EM_BACK_PERKS3_kill_blast_doublejump,7500,0,0,0,global,,,0
background,373,373,t7_callingcard_mp_perk3_awareness,EM_BACK_PERKS3_kill_awareness,7500,0,0,0,global,,,0
background,374,374,t7_callingcard_mp_perk3_tacticalmask,EM_BACK_PERKS3_kill_stunned_tacmask,7500,0,0,0,global,,,0
background,375,375,t7_callingcard_mp_perk3_engineer,EM_BACK_PERKS3_destroy_equipment_engineer,7500,0,0,0,global,,,0
background,376,376,t7_callingcard_mp_perk3_deadsilence,EM_BACK_PERKS3_kill_dead_silence,7500,0,0,0,global,,,0
background,377,377,t7_callingcard_mp_perk3_greed,EM_BACK_PERKS3_kill_booby_trap_engineer,750,0,0,0,global,,,0
background,378,378,t7_callingcard_mp_perk3_deadsilenceawareness,EM_BACK_PERKS3_kill_close_deadsilence_awareness,750,0,0,0,global,,,0
background,379,379,t7_callingcard_mp_perk3_blastsurpressordeadsilence,EM_BACK_PERKS3_kill_close_blast_deadsilence,750,0,0,0,global,,,0
background,380,380,t7_callingcard_mp_perk3_gunghotactmask,EM_BACK_PERKS3_kill_sprint_stunned_gungho_tac,750,0,0,0,global,,,0
background,381,381,t7_callingcard_mp_perk3_engineerhardwired,EM_BACK_PERKS3_kill_near_plant_engineer_hardwired,750,0,0,0,global,,,0
background,382,382,t7_callingcard_mp_perk3_blastsurpressorghost,EM_BACK_PERKS3_kill_doublejump_uav_engineer_hardwired,750,0,0,0,global,,,0
background,383,383,CallingCards_Perk3Widget,EM_BACK_PERKS3_master,5000,0,0,0,global,,t7_callingcard_mp_perk3_master,0
background,384,384,t7_callingcard_promo_cyborg,EM_BACK_PROMO_cyborg,0,0,0,0,default,,,0
background,385,385,t7_callingcard_promo_weaponized,EM_BACK_PROMO_weaponized,0,0,0,0,default,,,0
background,386,386,t7_loot_callingcard_80stoy,EM_BACK_LOOT_single_80stoy,1,0,0,0,loot,,,0
background,387,387,t7_loot_callingcard_childrensbook,EM_BACK_LOOT_single_childrensbook,1,0,0,0,loot,,,0
background,388,388,t7_loot_callingcard_cybersamurai,EM_BACK_LOOT_single_cybersamurai,1,0,0,0,loot,,,0
background,389,389,t7_loot_callingcard_dinosaurs,EM_BACK_LOOT_single_dinosaurs,1,0,0,0,loot,,,0
background,390,390,t7_loot_callingcard_evildead,EM_BACK_LOOT_single_evildead,1,0,0,0,loot,,,0
background,391,391,t7_loot_callingcard_gladiator,EM_BACK_LOOT_single_gladiator,1,0,0,0,loot,,,0
background,392,392,t7_loot_callingcard_goldenera,EM_BACK_LOOT_single_goldenera,1,0,0,0,loot,,,0
background,393,393,t7_loot_callingcard_grindhouse,EM_BACK_LOOT_single_grindhouse,1,0,0,0,loot,,,0
background,394,394,t7_loot_callingcard_manga,EM_BACK_LOOT_single_manga,1,0,0,0,loot,,,0
background,395,395,t7_loot_callingcard_mechs,EM_BACK_LOOT_single_mechs,1,0,0,0,loot,,,0
background,396,396,t7_loot_callingcard_ninja,EM_BACK_LOOT_single_ninja,1,0,0,0,loot,,,0
background,397,397,t7_loot_callingcard_propaganda,EM_BACK_LOOT_single_propaganda,1,0,0,0,loot,,,0
background,398,398,t7_loot_callingcard_stylizedtanks,EM_BACK_LOOT_single_stylizedtanks,1,0,0,0,loot,,,0
background,399,399,t7_loot_callingcard_surf,EM_BACK_LOOT_single_surf,1,0,0,0,loot,,,0
background,400,400,t7_loot_callingcard_tiki,EM_BACK_LOOT_single_tiki,1,0,0,0,loot,,,0
background,401,401,t7_loot_callingcard_tribal_warrior,EM_BACK_LOOT_single_tribal_warrior,1,0,0,0,loot,,,0
background,402,402,t7_loot_callingcard_trickedout,EM_BACK_LOOT_single_trickedout,1,0,0,0,loot,,,0
background,403,403,t7_loot_callingcard_whale,EM_BACK_LOOT_single_whale,1,0,0,0,loot,,,0
background,404,404,t7_loot_callingcard_cartoon_bullets,EM_BACK_LOOT_cartoon_bullets,1,0,0,0,loot,,,0
background,405,405,t7_loot_callingcard_cartoon_raps,EM_BACK_LOOT_cartoon_raps,1,0,0,0,loot,,,0
background,406,406,t7_loot_callingcard_cartoon_hcxd,EM_BACK_LOOT_cartoon_hcxd,1,0,0,0,loot,,,0
background,407,407,t7_loot_callingcard_cartoon_wasp,EM_BACK_LOOT_cartoon_wasp,1,0,0,0,loot,,,0
background,408,408,t7_loot_callingcard_cartoon_uav,EM_BACK_LOOT_cartoon_uav,1,0,0,0,loot,,,0
background,409,409,t7_loot_callingcard_cartoon_mothership,EM_BACK_LOOT_cartoon_mothership,1,0,0,0,loot,,,0
background,410,410,CallingCards_Loot_CartoonTankWidget,EM_BACK_LOOT_cartoon_master,1,0,0,0,loot,,t7_loot_callingcard_cartoon_master,0
background,411,411,t7_loot_callingcard_f1posters_rome,EM_BACK_LOOT_f1posters_rome,1,0,0,0,loot,,,0
background,412,412,t7_loot_callingcard_f1posters_london,EM_BACK_LOOT_f1posters_london,1,0,0,0,loot,,,0
background,413,413,t7_loot_callingcard_f1posters_monaco,EM_BACK_LOOT_f1posters_monaco,1,0,0,0,loot,,,0
background,414,414,t7_loot_callingcard_f1posters_tokyo,EM_BACK_LOOT_f1posters_tokyo,1,0,0,0,loot,,,0
background,415,415,t7_loot_callingcard_f1posters_california,EM_BACK_LOOT_f1posters_california,1,0,0,0,loot,,,0
background,416,416,t7_loot_callingcard_f1posters_paris,EM_BACK_LOOT_f1posters_paris,1,0,0,0,loot,,,0
background,417,417,CallingCards_Loot_GrandPrixWidget,EM_BACK_LOOT_f1posters_master,1,0,0,0,loot,,t7_loot_callingcard_f1posters_master,0
background,418,418,t7_loot_callingcard_haunted_ghost,EM_BACK_LOOT_haunted_ghost,1,0,0,0,loot,,,0
background,419,419,t7_loot_callingcard_haunted_shade,EM_BACK_LOOT_haunted_shade,1,0,0,0,loot,,,0
background,420,420,t7_loot_callingcard_haunted_possessed,EM_BACK_LOOT_haunted_possessed,1,0,0,0,loot,,,0
background,421,421,t7_loot_callingcard_haunted_leech,EM_BACK_LOOT_haunted_leech,1,0,0,0,loot,,,0
background,422,422,t7_loot_callingcard_haunted_spirit,EM_BACK_LOOT_haunted_spirit,1,0,0,0,loot,,,0
background,423,423,t7_loot_callingcard_haunted_animal,EM_BACK_LOOT_haunted_animal,1,0,0,0,loot,,,0
background,424,424,CallingCards_Loot_Haunted,EM_BACK_LOOT_haunted_master,1,0,0,0,loot,,t7_loot_callingcard_haunted_master,0
background,425,425,t7_loot_callingcard_legendaryanimals_centaur,EM_BACK_LOOT_legendaryanimals_centaur,1,0,0,0,loot,,,0
background,426,426,t7_loot_callingcard_legendaryanimals_mermaids,EM_BACK_LOOT_legendaryanimals_mermaids,1,0,0,0,loot,,,0
background,427,427,t7_loot_callingcard_legendaryanimals_griffon,EM_BACK_LOOT_legendaryanimals_griffon,1,0,0,0,loot,,,0
background,428,428,t7_loot_callingcard_legendaryanimals_pheonix,EM_BACK_LOOT_legendaryanimals_pheonix,1,0,0,0,loot,,,0
background,429,429,t7_loot_callingcard_legendaryanimals_chinesedragon,EM_BACK_LOOT_legendaryanimals_chinesedragon,1,0,0,0,loot,,,0
background,430,430,t7_loot_callingcard_legendaryanimals_manticore,EM_BACK_LOOT_legendaryanimals_manticore,1,0,0,0,loot,,,0
background,431,431,CallingCards_Loot_LegendaryAnimals,EM_BACK_LOOT_legendaryanimals_master,1,0,0,0,loot,,t7_loot_callingcard_legendaryanimals_master,0
background,432,432,t7_loot_callingcard_luchalibre_01,EM_BACK_LOOT_luchalibre_01,1,0,0,0,loot,,,0
background,433,433,t7_loot_callingcard_luchalibre_05,EM_BACK_LOOT_luchalibre_05,1,0,0,0,loot,,,0
background,434,434,t7_loot_callingcard_luchalibre_06,EM_BACK_LOOT_luchalibre_06,1,0,0,0,loot,,,0
background,435,435,t7_loot_callingcard_luchalibre_04,EM_BACK_LOOT_luchalibre_04,1,0,0,0,loot,,,0
background,436,436,t7_loot_callingcard_luchalibre_03,EM_BACK_LOOT_luchalibre_03,1,0,0,0,loot,,,0
background,437,437,t7_loot_callingcard_luchalibre_02,EM_BACK_LOOT_luchalibre_02,1,0,0,0,loot,,,0
background,438,438,CallingCards_Loot_LuchaLibre,EM_BACK_LOOT_luchalibre_master,1,0,0,0,loot,,t7_loot_callingcard_luchalibre_master,0
background,439,439,t7_loot_callingcard_retrorobot_boombox,EM_BACK_LOOT_retrorobot_boombox,1,0,0,0,loot,,,0
background,440,440,t7_loot_callingcard_retrorobot_space,EM_BACK_LOOT_retrorobot_space,1,0,0,0,loot,,,0
background,441,441,t7_loot_callingcard_retrorobot_citybot,EM_BACK_LOOT_retrorobot_citybot,1,0,0,0,loot,,,0
background,442,442,t7_loot_callingcard_retrorobot_tanlines,EM_BACK_LOOT_retrorobot_tanlines,1,0,0,0,loot,,,0
background,443,443,t7_loot_callingcard_retrorobot_jetpack,EM_BACK_LOOT_retrorobot_jetpack,1,0,0,0,loot,,,0
background,444,444,t7_loot_callingcard_retrorobot_pizza,EM_BACK_LOOT_retrorobot_pizza,1,0,0,0,loot,,,0
background,445,445,CallingCards_Loot_RetroRobot,EM_BACK_LOOT_retrorobot_master,1,0,0,0,loot,,t7_loot_callingcard_retrorobot_master,0
background,446,446,t7_loot_callingcard_twistedcircus_fireeater,EM_BACK_LOOT_twistedcircus_fireeater,1,0,0,0,loot,,,0
background,447,447,t7_loot_callingcard_twistedcircus_fortuneteller,EM_BACK_LOOT_twistedcircus_fortuneteller,1,0,0,0,loot,,,0
background,448,448,t7_loot_callingcard_twistedcircus_strongman,EM_BACK_LOOT_twistedcircus_strongman,1,0,0,0,loot,,,0
background,449,449,t7_loot_callingcard_twistedcircus_ringmaster,EM_BACK_LOOT_twistedcircus_ringmaster,1,0,0,0,loot,,,0
background,450,450,t7_loot_callingcard_twistedcircus_knifethrower,EM_BACK_LOOT_twistedcircus_knifethrower,1,0,0,0,loot,,,0
background,451,451,t7_loot_callingcard_twistedcircus_funhouse,EM_BACK_LOOT_twistedcircus_funhouse,1,0,0,0,loot,,,0
background,452,452,CallingCards_Loot_TwistedCircus,EM_BACK_LOOT_twistedcircus_master,1,0,0,0,loot,,t7_loot_callingcard_twistedcircus_master,0
background,453,453,t7_loot_callingcard_urbanlegend_bigfoot,EM_BACK_LOOT_urbanlegend_bigfoot,1,0,0,0,loot,,,0
background,454,454,t7_loot_callingcard_urbanlegend_mothman,EM_BACK_LOOT_urbanlegend_mothman,1,0,0,0,loot,,,0
background,455,455,t7_loot_callingcard_urbanlegend_werewolf,EM_BACK_LOOT_urbanlegend_werewolf,1,0,0,0,loot,,,0
background,456,456,t7_loot_callingcard_urbanlegend_chupacabra,EM_BACK_LOOT_urbanlegend_chupacabra,1,0,0,0,loot,,,0
background,457,457,t7_loot_callingcard_urbanlegend_wendigo,EM_BACK_LOOT_urbanlegend_wendigo,1,0,0,0,loot,,,0
background,458,458,t7_loot_callingcard_urbanlegend_lochness,EM_BACK_LOOT_urbanlegend_lochness,1,0,0,0,loot,,,0
background,459,459,CallingCards_Loot_UrbanLegend,EM_BACK_LOOT_urbanlegend_master,1,0,0,0,loot,,t7_loot_callingcard_urbanlegend_master,0
background,460,460,t7_loot_callingcard_wia_wrestling,EM_BACK_LOOT_wia_wrestling,1,0,0,0,loot,,,0
background,461,461,t7_loot_callingcard_wia_explosion,EM_BACK_LOOT_wia_explosion,1,0,0,0,loot,,,0
background,462,462,t7_loot_callingcard_wia_tank_girl,EM_BACK_LOOT_wia_tank_girl,1,0,0,0,loot,,,0
background,463,463,t7_loot_callingcard_wia_mma,EM_BACK_LOOT_wia_mma,1,0,0,0,loot,,,0
background,464,464,t7_loot_callingcard_wia_skateboarding,EM_BACK_LOOT_wia_skateboarding,1,0,0,0,loot,,,0
background,465,465,t7_loot_callingcard_wia_armbar,EM_BACK_LOOT_wia_armbar,1,0,0,0,loot,,,0
background,466,466,CallingCards_Loot_WomanInAction,EM_BACK_LOOT_wia_master,1,0,0,0,loot,,t7_loot_callingcard_wia_master,0
background,467,467,t7_loot_callingcard_epicspacebattle_6,EM_BACK_LOOT_epicspacebattle_6,1,0,0,0,loot,,,0
background,468,468,t7_loot_callingcard_epicspacebattle_12,EM_BACK_LOOT_epicspacebattle_12,1,0,0,0,loot,,,0
background,469,469,t7_loot_callingcard_epicspacebattle_10,EM_BACK_LOOT_epicspacebattle_10,1,0,0,0,loot,,,0
background,470,470,t7_loot_callingcard_epicspacebattle_1,EM_BACK_LOOT_epicspacebattle_1,1,0,0,0,loot,,,0
background,471,471,t7_loot_callingcard_epicspacebattle_15,EM_BACK_LOOT_epicspacebattle_15,1,0,0,0,loot,,,0
background,472,472,t7_loot_callingcard_epicspacebattle_4,EM_BACK_LOOT_epicspacebattle_4,1,0,0,0,loot,,,0
background,473,473,CallingCards_Loot_EpicSpaceBattle,EM_BACK_LOOT_epicspacebattle_master,1,0,0,0,loot,,t7_loot_callingcard_epicspacebattle_master,0
background,474,474,t7_callingcard_promo_nuketown,EM_BACK_PROMO_nuketown,0,0,0,0,default,,,0
background,475,475,t7_callingcard_prestige_cerberus_gauntlet,EM_PRESTIGE01A,1,0,1,0,prestige,,,0
background,476,476,t7_callingcard_prestige_spartan,EM_PRESTIGE02A,1,0,2,0,prestige,,,0
background,477,477,t7_callingcard_prestige_cyclops,EM_PRESTIGE03A,1,0,3,0,prestige,,,0
background,478,478,t7_callingcard_prestige_mermaid,EM_PRESTIGE04A,1,0,4,0,prestige,,,0
background,479,479,t7_callingcard_prestige_minotuar,EM_PRESTIGE05A,1,0,5,0,prestige,,,0
background,480,480,t7_callingcard_prestige_hydra,EM_PRESTIGE06A,1,0,6,0,prestige,,,0
background,481,481,t7_callingcard_prestige_griffin,EM_PRESTIGE07A,1,0,7,0,prestige,,,0
background,482,482,t7_callingcard_prestige_kraken,EM_PRESTIGE08A,1,0,8,0,prestige,,,0
background,483,483,t7_callingcard_prestige_medusa,EM_PRESTIGE09A,1,0,9,0,prestige,,,0
background,484,484,t7_callingcard_prestige_cerberus,EM_PRESTIGE10A,1,0,10,0,prestige,,,0
background,485,485,t7_callingcard_prestige_skull,EM_PRESTIGE11A,1,0,11,0,prestige,,,0
background,486,486,t7_loot_callingcard_actionposter,EM_BACK_LOOT_actionposter,1,0,0,0,loot,,,0
background,487,487,t7_loot_callingcard_ancientwarrior,EM_BACK_LOOT_ancientwarrior,1,0,0,0,loot,,,0
background,488,488,t7_loot_callingcard_badchristmas,EM_BACK_LOOT_badchristmas,1,0,0,0,loot,,,0
background,489,489,t7_loot_callingcard_bboy,EM_BACK_LOOT_bboy,1,0,0,0,loot,,,0
background,490,490,t7_loot_callingcard_cartoonaction,EM_BACK_LOOT_cartoonaction,1,0,0,0,loot,,,0
background,491,491,t7_loot_callingcard_cartoonfood,EM_BACK_LOOT_cartoonfood,1,0,0,0,loot,,,0
background,492,492,t7_loot_callingcard_clownninjas,EM_BACK_LOOT_clownninjas,1,0,0,0,loot,,,0
background,493,493,t7_loot_callingcard_cowboysvsaliens,EM_BACK_LOOT_cowboysvsaliens,1,0,0,0,loot,,,0
background,494,494,t7_loot_callingcard_cultfilm,EM_BACK_LOOT_cultfilm,1,0,0,0,loot,,,0
background,495,495,t7_loot_callingcard_fightinggame,EM_BACK_LOOT_fightinggame,1,0,0,0,loot,,,0
background,496,496,t7_loot_callingcard_folkheroes,EM_BACK_LOOT_folkheroes,1,0,0,0,loot,,,0
background,497,497,t7_loot_callingcard_inventions,EM_BACK_LOOT_inventions,1,0,0,0,loot,,,0
background,498,498,t7_loot_callingcard_orcs,EM_BACK_LOOT_orcs,1,0,0,0,loot,,,0
background,499,499,t7_loot_callingcard_rallycars,EM_BACK_LOOT_rallycars,1,0,0,0,loot,,,0
background,500,500,t7_loot_callingcard_rubbermonsters,EM_BACK_LOOT_rubbermonsters,1,0,0,0,loot,,,0
background,501,501,t7_loot_callingcard_scifispoof,EM_BACK_LOOT_scifispoof,1,0,0,0,loot,,,0
background,502,502,t7_loot_callingcard_shark,EM_BACK_LOOT_shark,1,0,0,0,loot,,,0
background,503,503,t7_loot_callingcard_sniper,EM_BACK_LOOT_sniper,1,0,0,0,loot,,,0
background,504,504,t7_loot_callingcard_spyposter,EM_BACK_LOOT_spyposter,1,0,0,0,loot,,,0
background,505,505,t7_loot_callingcard_sumo,EM_BACK_LOOT_sumo,1,0,0,0,loot,,,0
background,506,506,t7_loot_callingcard_tomb,EM_BACK_LOOT_tomb,1,0,0,0,loot,,,0
background,507,507,t7_loot_callingcard_treasure,EM_BACK_LOOT_treasure,1,0,0,0,loot,,,0
background,508,508,t7_loot_callingcard_werewolves,EM_BACK_LOOT_werewolves,1,0,0,0,loot,,,0
background,509,509,t7_callingcard_mp_career_freshstart,EM_BACK_prestige_freshstart,1,0,0,0,global,,,0
background,510,510,t7_loot_callingcard_bboy_01,EM_BACK_LOOT_bboy_01,1,0,0,0,loot,,,0
background,511,511,t7_loot_callingcard_bboy_10,EM_BACK_LOOT_bboy_10,1,0,0,0,loot,,,0
background,512,512,t7_loot_callingcard_bboy_13,EM_BACK_LOOT_bboy_13,1,0,0,0,loot,,,0
background,513,513,t7_loot_callingcard_bboy_15,EM_BACK_LOOT_bboy_15,1,0,0,0,loot,,,0
background,514,514,t7_loot_callingcard_bboy_16,EM_BACK_LOOT_bboy_16,1,0,0,0,loot,,,0
background,515,515,t7_loot_callingcard_bboy_18,EM_BACK_LOOT_bboy_18,1,0,0,0,loot,,,0
background,516,516,CallingCards_loot_bboy,EM_BACK_LOOT_bboy_master,1,0,0,0,loot,,t7_loot_callingcard_bboy_master,0
background,517,517,t7_loot_callingcard_cutie_animals_01,EM_BACK_LOOT_cutie_animals_01,1,0,0,0,loot,,,0
background,518,518,t7_loot_callingcard_cutie_animals_02,EM_BACK_LOOT_cutie_animals_02,1,0,0,0,loot,,,0
background,519,519,t7_loot_callingcard_cutie_animals_04,EM_BACK_LOOT_cutie_animals_04,1,0,0,0,loot,,,0
background,520,520,t7_loot_callingcard_cutie_animals_05,EM_BACK_LOOT_cutie_animals_05,1,0,0,0,loot,,,0
background,521,521,t7_loot_callingcard_cutie_animals_06,EM_BACK_LOOT_cutie_animals_06,1,0,0,0,loot,,,0
background,522,522,t7_loot_callingcard_cutie_animals_07,EM_BACK_LOOT_cutie_animals_07,1,0,0,0,loot,,,0
background,523,523,CallingCards_loot_CuteAnimals,EM_BACK_LOOT_cutie_animals_master,1,0,0,0,loot,,t7_loot_callingcard_cutie_animals_master,0
background,524,524,t7_loot_callingcard_deepsea_a,EM_BACK_LOOT_deepsea_a,1,0,0,0,loot,,,0
background,525,525,t7_loot_callingcard_deepsea_b,EM_BACK_LOOT_deepsea_b,1,0,0,0,loot,,,0
background,526,526,t7_loot_callingcard_deepsea_c,EM_BACK_LOOT_deepsea_c,1,0,0,0,loot,,,0
background,527,527,t7_loot_callingcard_deepsea_e,EM_BACK_LOOT_deepsea_e,1,0,0,0,loot,,,0
background,528,528,t7_loot_callingcard_deepsea_f,EM_BACK_LOOT_deepsea_f,1,0,0,0,loot,,,0
background,529,529,t7_loot_callingcard_deepsea_g,EM_BACK_LOOT_deepsea_g,1,0,0,0,loot,,,0
background,530,530,CallingCards_loot_DeepSea,EM_BACK_LOOT_deepsea_master,1,0,0,0,loot,,t7_loot_callingcard_deepsea_master,0
background,531,531,t7_loot_callingcard_dinosaurs_04,EM_BACK_LOOT_dinosaurs_04,1,0,0,0,loot,,,0
background,532,532,t7_loot_callingcard_dinosaurs_05,EM_BACK_LOOT_dinosaurs_05,1,0,0,0,loot,,,0
background,533,533,t7_loot_callingcard_dinosaurs_07,EM_BACK_LOOT_dinosaurs_07,1,0,0,0,loot,,,0
background,534,534,t7_loot_callingcard_dinosaurs_09,EM_BACK_LOOT_dinosaurs_09,1,0,0,0,loot,,,0
background,535,535,t7_loot_callingcard_dinosaurs_13,EM_BACK_LOOT_dinosaurs_13,1,0,0,0,loot,,,0
background,536,536,t7_loot_callingcard_dinosaurs_14,EM_BACK_LOOT_dinosaurs_14,1,0,0,0,loot,,,0
background,537,537,CallingCards_loot_Dinosaur,EM_BACK_LOOT_dinosaurs_master,1,0,0,0,loot,,t7_loot_callingcard_dinosaurs_master,0
background,538,538,t7_loot_callingcard_food_coffee,EM_BACK_LOOT_food_coffee,1,0,0,0,loot,,,0
background,539,539,t7_loot_callingcard_food_hotdog,EM_BACK_LOOT_food_hotdog,1,0,0,0,loot,,,0
background,540,540,t7_loot_callingcard_food_roast_chix,EM_BACK_LOOT_food_roast_chix,1,0,0,0,loot,,,0
background,541,541,t7_loot_callingcard_food_taco,EM_BACK_LOOT_food_taco,1,0,0,0,loot,,,0
background,542,542,t7_loot_callingcard_food_toast,EM_BACK_LOOT_food_toast,1,0,0,0,loot,,,0
background,543,543,t7_loot_callingcard_food_zombie_peppers,EM_BACK_LOOT_food_zombie_peppers,1,0,0,0,loot,,,0
background,544,544,CallingCards_loot_FoodFight,EM_BACK_LOOT_food_orders_up,1,0,0,0,loot,,t7_loot_callingcard_food_orders_up,0
background,545,545,t7_loot_callingcard_girlpower_01,EM_BACK_LOOT_girlpower_01,1,0,0,0,loot,,,0
background,546,546,t7_loot_callingcard_girlpower_02,EM_BACK_LOOT_girlpower_02,1,0,0,0,loot,,,0
background,547,547,t7_loot_callingcard_girlpower_04,EM_BACK_LOOT_girlpower_04,1,0,0,0,loot,,,0
background,548,548,t7_loot_callingcard_girlpower_05,EM_BACK_LOOT_girlpower_05,1,0,0,0,loot,,,0
background,549,549,t7_loot_callingcard_girlpower_06,EM_BACK_LOOT_girlpower_06,1,0,0,0,loot,,,0
background,550,550,t7_loot_callingcard_girlpower_07,EM_BACK_LOOT_girlpower_07,1,0,0,0,loot,,,0
background,551,551,CallingCards_loot_GirlPower,EM_BACK_LOOT_girlpower_master,1,0,0,0,loot,,t7_loot_callingcard_girlpower_master,0
background,552,552,t7_loot_callingcard_manga_charging,EM_BACK_LOOT_manga_charging,1,0,0,0,loot,,,0
background,553,553,t7_loot_callingcard_manga_cockpit,EM_BACK_LOOT_manga_cockpit,1,0,0,0,loot,,,0
background,554,554,t7_loot_callingcard_manga_fatal_blow,EM_BACK_LOOT_manga_fatal_blow,1,0,0,0,loot,,,0
background,555,555,t7_loot_callingcard_manga_shell,EM_BACK_LOOT_manga_shell,1,0,0,0,loot,,,0
background,556,556,t7_loot_callingcard_manga_swordplay,EM_BACK_LOOT_manga_swordplay,1,0,0,0,loot,,,0
background,557,557,t7_loot_callingcard_manga_take_this,EM_BACK_LOOT_manga_take_this,1,0,0,0,loot,,,0
background,558,558,CallingCards_loot_Manga,EM_BACK_LOOT_manga_flying_kick_master,1,0,0,0,loot,,t7_loot_callingcard_manga_flying_kick_master,0
background,559,559,t7_loot_callingcard_space_airbrush_04,EM_BACK_LOOT_space_airbrush_04,1,0,0,0,loot,,,0
background,560,560,t7_loot_callingcard_space_airbrush_08,EM_BACK_LOOT_space_airbrush_08,1,0,0,0,loot,,,0
background,561,561,t7_loot_callingcard_space_airbrush_09,EM_BACK_LOOT_space_airbrush_09,1,0,0,0,loot,,,0
background,562,562,t7_loot_callingcard_space_airbrush_11,EM_BACK_LOOT_space_airbrush_11,1,0,0,0,loot,,,0
background,563,563,t7_loot_callingcard_space_airbrush_12,EM_BACK_LOOT_space_airbrush_12,1,0,0,0,loot,,,0
background,564,564,t7_loot_callingcard_space_airbrush_14,EM_BACK_LOOT_space_airbrush_14,1,0,0,0,loot,,,0
background,565,565,CallingCards_loot_Space,EM_BACK_LOOT_space_airbrush_master,1,0,0,0,loot,,t7_loot_callingcard_space_airbrush_master,0
background,566,566,t7_callingcard_promo_ambassador,EM_BACK_PROMO_ambassador,0,0,0,0,default,,,0
background,567,567,t7_callingcard_promo_code,EM_BACK_PROMO_code,0,0,0,0,default,,,0
background,568,568,t7_callingcard_zm_prestigemaster,MENU_PRESTIGE_MASTER,1,0,11,0,zmprestige,,,0
background,569,569,t7_loot_callingcard_bo1retro_01,EM_BACK_LOOT_BO1RETRO_01,1,0,0,0,loot,,,0
background,570,570,t7_loot_callingcard_bo1retro_02,EM_BACK_LOOT_BO1RETRO_02,1,0,0,0,loot,,,0
background,571,571,t7_loot_callingcard_bo1retro_03,EM_BACK_LOOT_BO1RETRO_03,1,0,0,0,loot,,,0
background,572,572,t7_loot_callingcard_bo1retro_04,EM_BACK_LOOT_BO1RETRO_04,1,0,0,0,loot,,,0
background,573,573,t7_loot_callingcard_bo1retro_05,EM_BACK_LOOT_BO1RETRO_05,1,0,0,0,loot,,,0
background,574,574,t7_loot_callingcard_bo1retro_06,EM_BACK_LOOT_BO1RETRO_06,1,0,0,0,loot,,,0
background,575,575,CallingCards_loot_BO1retro,EM_BACK_LOOT_BO1RETRO_MASTER,1,0,0,0,loot,,t7_loot_callingcard_bo1retro_07,0
background,576,576,t7_loot_callingcard_bo2retro_01,EM_BACK_LOOT_BO2RETRO_01,1,0,0,0,loot,,,0
background,577,577,t7_loot_callingcard_bo2retro_02,EM_BACK_LOOT_BO2RETRO_02,1,0,0,0,loot,,,0
background,578,578,t7_loot_callingcard_bo2retro_03,EM_BACK_LOOT_BO2RETRO_03,1,0,0,0,loot,,,0
background,579,579,t7_loot_callingcard_bo2retro_04,EM_BACK_LOOT_BO2RETRO_04,1,0,0,0,loot,,,0
background,580,580,t7_loot_callingcard_bo2retro_05,EM_BACK_LOOT_BO2RETRO_05,1,0,0,0,loot,,,0
background,581,581,t7_loot_callingcard_bo2retro_06,EM_BACK_LOOT_BO2RETRO_06,1,0,0,0,loot,,,0
background,582,582,CallingCards_loot_BO2retro,EM_BACK_LOOT_BO2RETRO_MASTER,1,0,0,0,loot,,t7_loot_callingcard_bo2retro_07,0
background,583,583,t7_loot_callingcard_wawretro_01,EM_BACK_LOOT_WAWRETRO_01,1,0,0,0,loot,,,0
background,584,584,t7_loot_callingcard_wawretro_02,EM_BACK_LOOT_WAWRETRO_02,1,0,0,0,loot,,,0
background,585,585,t7_loot_callingcard_wawretro_03,EM_BACK_LOOT_WAWRETRO_03,1,0,0,0,loot,,,0
background,586,586,t7_loot_callingcard_wawretro_04,EM_BACK_LOOT_WAWRETRO_04,1,0,0,0,loot,,,0
background,587,587,t7_loot_callingcard_wawretro_05,EM_BACK_LOOT_WAWRETRO_05,1,0,0,0,loot,,,0
background,588,588,t7_loot_callingcard_wawretro_06,EM_BACK_LOOT_WAWRETRO_06,1,0,0,0,loot,,,0
background,589,589,CallingCards_loot_WAWretro,EM_BACK_LOOT_WAWRETRO_MASTER,1,0,0,0,loot,,t7_loot_callingcard_wawretro_07,0
background,590,590,t7_callingcard_arena_best_01,EM_BACK_ARENA_best_01,1,0,0,0,arenabest,,,0
background,591,591,t7_callingcard_arena_best_02,EM_BACK_ARENA_best_02,1,0,0,0,arenabest,,,0
background,592,592,t7_callingcard_arena_best_03,EM_BACK_ARENA_best_03,1,0,0,0,arenabest,,,0
background,593,593,t7_callingcard_arena_best_04,EM_BACK_ARENA_best_04,1,0,0,0,arenabest,,,0
background,594,594,t7_callingcard_arena_best_05,EM_BACK_ARENA_best_05,1,0,0,0,arenabest,,,0
background,595,595,t7_callingcard_arena_best_06,EM_BACK_ARENA_best_06,1,0,0,0,arenabest,,,0
background,596,596,t7_callingcard_arena_best_07,EM_BACK_ARENA_best_07,1,0,0,0,arenabest,,,0
background,597,597,t7_callingcard_arena_best_08,EM_BACK_ARENA_best_08,1,0,0,0,arenabest,,,0
background,598,598,t7_callingcard_arena_best_09,EM_BACK_ARENA_best_09,1,0,0,0,arenabest,,,0
background,599,599,t7_callingcard_arena_best_10,EM_BACK_ARENA_best_10,1,0,0,0,arenabest,,,0
background,600,600,t7_callingcard_arena_best_11,EM_BACK_ARENA_best_11,1,0,0,0,arenabest,,,0
background,601,601,t7_callingcard_arena_best_12,EM_BACK_ARENA_best_12,1,0,0,0,arenabest,,,0
background,602,602,t7_callingcard_arena_best_13,EM_BACK_ARENA_best_13,1,0,0,0,arenabest,,,0
background,603,603,t7_callingcard_arena_best_14,EM_BACK_ARENA_best_14,1,0,0,0,arenabest,,,0
background,604,604,t7_callingcard_arena_best_15,EM_BACK_ARENA_best_15,1,0,0,0,arenabest,,,0
background,605,605,t7_callingcard_arena_best_16,EM_BACK_ARENA_best_16,1,0,0,0,arenabest,,,0
background,606,606,t7_callingcard_arena_best_17,EM_BACK_ARENA_best_17,1,0,0,0,arenabest,,,0
background,607,607,t7_callingcard_arena_best_18,EM_BACK_ARENA_best_18,1,0,0,0,arenabest,,,0
background,608,608,t7_callingcard_arena_best_19,EM_BACK_ARENA_best_19,1,0,0,0,arenabest,,,0
background,609,609,t7_callingcard_arena_best_20,EM_BACK_ARENA_best_20,1,0,0,0,arenabest,,,0
background,610,610,t7_callingcard_arena_best_21,EM_BACK_ARENA_best_21,1,0,0,0,arenabest,,,0
background,611,611,t7_callingcard_arena_vet_01,EM_BACK_ARENA_vet_01,1,0,0,0,arenavet,,,0
background,612,612,t7_callingcard_arena_vet_02,EM_BACK_ARENA_vet_02,1,0,0,0,arenavet,,,0
background,613,613,t7_callingcard_arena_vet_03,EM_BACK_ARENA_vet_03,1,0,0,0,arenavet,,,0
background,614,614,t7_callingcard_arena_vet_04,EM_BACK_ARENA_vet_04,1,0,0,0,arenavet,,,0
background,615,615,t7_callingcard_arena_vet_05,EM_BACK_ARENA_vet_05,1,0,0,0,arenavet,,,0
background,616,616,t7_callingcard_arena_vet_06,EM_BACK_ARENA_vet_06,1,0,0,0,arenavet,,,0
background,617,617,t7_callingcard_arena_vet_07,EM_BACK_ARENA_vet_07,1,0,0,0,arenavet,,,0
background,618,618,t7_callingcard_arena_vet_08,EM_BACK_ARENA_vet_08,1,0,0,0,arenavet,,,0
background,619,619,t7_callingcard_arena_vet_09,EM_BACK_ARENA_vet_09,1,0,0,0,arenavet,,,0
background,620,620,t7_callingcard_arena_vet_10,EM_BACK_ARENA_vet_10,1,0,0,0,arenavet,,,0
background,621,621,t7_callingcard_arena_vet_11,EM_BACK_ARENA_vet_11,1,0,0,0,arenavet,,,0
background,622,622,t7_callingcard_arena_vet_12,EM_BACK_ARENA_vet_12,1,0,0,0,arenavet,,,0
background,623,623,CallingCards_ArenaMasterVetWidget,EM_BACK_ARENA_vet_master,1,0,0,0,arenavet,,t7_callingcard_arena_vet_master,0
background,624,624,t7_loot_callingcard_cartoonzombies_brains,EM_BACK_LOOT_cartoonzombies_brains,1,0,0,0,loot,,,0
background,625,625,t7_loot_callingcard_cartoonzombies_marching,EM_BACK_LOOT_cartoonzombies_marching,1,0,0,0,loot,,,0
background,626,626,t7_loot_callingcard_cartoonzombies_monster,EM_BACK_LOOT_cartoonzombies_monster,1,0,0,0,loot,,,0
background,627,627,t7_loot_callingcard_cartoonzombies_roadkill,EM_BACK_LOOT_cartoonzombies_roadkill,1,0,0,0,loot,,,0
background,628,628,t7_loot_callingcard_cartoonzombies_space,EM_BACK_LOOT_cartoonzombies_space,1,0,0,0,loot,,,0
background,629,629,t7_loot_callingcard_cartoonzombies_woods,EM_BACK_LOOT_cartoonzombies_woods,1,0,0,0,loot,,,0
background,630,630,CallingCards_CartoonZombiesWidget,EM_BACK_LOOT_cartoonzombies_master,1,0,0,0,loot,,t7_loot_callingcard_cartoonzombies_master,0
background,631,631,t7_loot_callingcard_blacklightposters_smokey,EM_BACK_LOOT_blacklightposters_smokey,1,0,0,0,loot,,,0
background,632,632,t7_loot_callingcard_blacklightposters_sunrise,EM_BACK_LOOT_blacklightposters_sunrise,1,0,0,0,loot,,,0
background,633,633,t7_loot_callingcard_blacklightposters_outoftime,EM_BACK_LOOT_blacklightposters_outoftime,1,0,0,0,loot,,,0
background,634,634,t7_loot_callingcard_blacklightposters_battlecry,EM_BACK_LOOT_blacklightposters_battlecry,1,0,0,0,loot,,,0
background,635,635,t7_loot_callingcard_blacklightposters_prowler,EM_BACK_LOOT_blacklightposters_prowler,1,0,0,0,loot,,,0
background,636,636,t7_loot_callingcard_blacklightposters_rainbowtrip,EM_BACK_LOOT_blacklightposters_rainbowtrip,1,0,0,0,loot,,,0
background,637,637,CallingCard_loot_blacklightposters,EM_BACK_LOOT_blacklightposters_groovyrider,1,0,0,0,loot,,t7_loot_callingcard_blacklightposters_groovyrider,0
background,638,638,t7_loot_callingcard_deadlyanimals_01,EM_BACK_LOOT_deadlyanimals_01,1,0,0,0,loot,,,0
background,639,639,t7_loot_callingcard_deadlyanimals_02,EM_BACK_LOOT_deadlyanimals_02,1,0,0,0,loot,,,0
background,640,640,t7_loot_callingcard_deadlyanimals_03,EM_BACK_LOOT_deadlyanimals_03,1,0,0,0,loot,,,0
background,641,641,t7_loot_callingcard_deadlyanimals_04,EM_BACK_LOOT_deadlyanimals_04,1,0,0,0,loot,,,0
background,642,642,t7_loot_callingcard_deadlyanimals_05,EM_BACK_LOOT_deadlyanimals_05,1,0,0,0,loot,,,0
background,643,643,t7_loot_callingcard_deadlyanimals_06,EM_BACK_LOOT_deadlyanimals_06,1,0,0,0,loot,,,0
background,644,644,CallingCard_loot_deadlyanimals,EM_BACK_LOOT_deadlyanimals_07,1,0,0,0,loot,,t7_loot_callingcard_deadlyanimals_07,0
background,645,645,t7_loot_callingcard_retroatvi_boxing,EM_BACK_LOOT_retroatvi_boxing,1,0,0,0,loot,,,0
background,646,646,t7_loot_callingcard_retroatvi_chopper,EM_BACK_LOOT_retroatvi_chopper,1,0,0,0,loot,,,0
background,647,647,t7_loot_callingcard_retroatvi_grandprix,EM_BACK_LOOT_retroatvi_grandprix,1,0,0,0,loot,,,0
background,648,648,t7_loot_callingcard_retroatvi_pitfall,EM_BACK_LOOT_retroatvi_pitfall,1,0,0,0,loot,,,0
background,649,649,t7_loot_callingcard_retroatvi_riverraid,EM_BACK_LOOT_retroatvi_riverraid,1,0,0,0,loot,,,0
background,650,650,t7_loot_callingcard_retroatvi_seaquest,EM_BACK_LOOT_retroatvi_seaquest,1,0,0,0,loot,,,0
background,651,651,CallingCard_loot_kaboom,EM_BACK_LOOT_retroatvi_kaboom,1,0,0,0,loot,,t7_loot_callingcard_retroatvi_kaboom,0
background,652,652,CallingCards_code_air,EM_BACK_CODE_AIR,0,0,0,0,default,,t7_callingcard_code_air,0
background,653,653,CallingCards_code_ground,EM_BACK_CODE_GROUND,0,0,0,0,default,,t7_callingcard_code_land,0
background,654,654,CallingCards_code_sea,EM_BACK_CODE_SEA,0,0,0,0,default,,t7_callingcard_code_sea,0
background,655,655,t7_loot_callingcard_7deadlysins_envy,EM_BACK_LOOT_7deadlysins_envy,1,0,0,0,loot,,,0
background,656,656,t7_loot_callingcard_7deadlysins_gluttony,EM_BACK_LOOT_7deadlysins_gluttony,1,0,0,0,loot,,,0
background,657,657,t7_loot_callingcard_7deadlysins_greed,EM_BACK_LOOT_7deadlysins_greed,1,0,0,0,loot,,,0
background,658,658,t7_loot_callingcard_7deadlysins_lust,EM_BACK_LOOT_7deadlysins_lust,1,0,0,0,loot,,,0
background,659,659,t7_loot_callingcard_7deadlysins_pride,EM_BACK_LOOT_7deadlysins_pride,1,0,0,0,loot,,,0
background,660,660,t7_loot_callingcard_7deadlysins_sloth,EM_BACK_LOOT_7deadlysins_sloth,1,0,0,0,loot,,,0
background,661,661,CallingCard_loot_7deadlysins,EM_BACK_LOOT_7deadlysins_wrath,1,0,0,0,loot,,t7_loot_callingcard_7deadlysins_wrath,0
background,662,662,t7_loot_callingcard_skateboard_abstract,EM_BACK_LOOT_skateboard_abstract,1,0,0,0,loot,,,0
background,663,663,t7_loot_callingcard_skateboard_bomber,EM_BACK_LOOT_skateboard_bomber,1,0,0,0,loot,,,0
background,664,664,t7_loot_callingcard_skateboard_bones,EM_BACK_LOOT_skateboard_bones,1,0,0,0,loot,,,0
background,665,665,t7_loot_callingcard_skateboard_mishap,EM_BACK_LOOT_skateboard_mishap,1,0,0,0,loot,,,0
background,666,666,t7_loot_callingcard_skateboard_nightmare,EM_BACK_LOOT_skateboard_nightmare,1,0,0,0,loot,,,0
background,667,667,t7_loot_callingcard_skateboard_venom,EM_BACK_LOOT_skateboard_venom,1,0,0,0,loot,,,0
background,668,668,CallingCard_loot_skateboard,EM_BACK_LOOT_skateboard_master,1,0,0,0,loot,,t7_loot_callingcard_skateboard_master,0
background,669,669,t7_loot_callingcard_bling_01,EM_BACK_LOOT_bling_01,1,0,0,0,loot,,,0
background,670,670,t7_loot_callingcard_bling_02,EM_BACK_LOOT_bling_02,1,0,0,0,loot,,,0
background,671,671,t7_loot_callingcard_bling_03,EM_BACK_LOOT_bling_03,1,0,0,0,loot,,,0
background,672,672,t7_loot_callingcard_bling_04,EM_BACK_LOOT_bling_04,1,0,0,0,loot,,,0
background,673,673,t7_loot_callingcard_bling_05,EM_BACK_LOOT_bling_05,1,0,0,0,loot,,,0
background,674,674,t7_loot_callingcard_bling_06,EM_BACK_LOOT_bling_06,1,0,0,0,loot,,,0
background,675,675,CallingCard_loot_bling,EM_BACK_LOOT_bling_master,1,0,0,0,loot,,t7_loot_callingcard_bling_master,0
background,676,676,t7_loot_callingcard_wizards_01,EM_BACK_LOOT_wizards_01,1,0,0,0,loot,,,0
background,677,677,t7_loot_callingcard_wizards_02,EM_BACK_LOOT_wizards_02,1,0,0,0,loot,,,0
background,678,678,t7_loot_callingcard_wizards_03,EM_BACK_LOOT_wizards_03,1,0,0,0,loot,,,0
background,679,679,t7_loot_callingcard_wizards_04,EM_BACK_LOOT_wizards_04,1,0,0,0,loot,,,0
background,680,680,t7_loot_callingcard_wizards_05,EM_BACK_LOOT_wizards_05,1,0,0,0,loot,,,0
background,681,681,t7_loot_callingcard_wizards_06,EM_BACK_LOOT_wizards_06,1,0,0,0,loot,,,0
background,682,682,CallingCard_loot_wizard,EM_BACK_LOOT_wizards_master,1,0,0,0,loot,,t7_loot_callingcard_wizards_master,0
background,683,683,CallingCard_loot_codxp,EM_BACK_LOOT_cod_xp,1,0,0,0,default,,t7_callingcard_cod_xp,0
background,684,684,CallingCards_cwl_apotheon,EM_BACK_CWL_default,1,0,0,0,default,,t7_callingcard_cwl_apotheon,0
background,685,685,CallingCards_cwl_chiefs,EM_BACK_CWL_default,1,0,0,0,default,,t7_callingcard_cwl_chiefs,0
background,686,686,CallingCards_cwl_excellence,EM_BACK_CWL_excellence,1,0,0,0,default,,t7_callingcard_cwl_excellence,0
background,687,687,CallingCards_cwl_immunity,EM_BACK_CWL_default,1,0,0,0,default,,t7_callingcard_cwl_immunity,0
background,688,688,CallingCards_cwl_mindfreak,EM_BACK_CWL_mindfreak,1,0,0,0,default,,t7_callingcard_cwl_mindfreak,0
background,689,689,CallingCards_cwl_nv,EM_BACK_CWL_nv,1,0,0,0,default,,t7_callingcard_cwl_nv,0
background,690,690,CallingCards_cwl_orbit,EM_BACK_CWL_orbit,1,0,0,0,default,,t7_callingcard_cwl_orbit,0
background,691,691,CallingCards_cwl_taintedminds,EM_BACK_CWL_taintedminds,1,0,0,0,default,,t7_callingcard_cwl_taintedminds,0
background,692,692,CallingCards_cwl_epsilon,EM_BACK_CWL_epsilon,1,0,0,0,default,,t7_callingcard_cwl_epsilon,0
background,693,693,CallingCards_cwl_exertus,EM_BACK_CWL_default,1,0,0,0,default,,t7_callingcard_cwl_exertus,0
background,694,694,CallingCards_cwl_giants,EM_BACK_CWL_giants,1,0,0,0,default,,t7_callingcard_cwl_giants,0
background,695,695,CallingCards_cwl_hypergames,EM_BACK_CWL_default,1,0,0,0,default,,t7_callingcard_cwl_hypergames,0
background,696,696,CallingCards_cwl_infused,EM_BACK_CWL_infused,1,0,0,0,default,,t7_callingcard_cwl_infused,0
background,697,697,CallingCards_cwl_ldlc,EM_BACK_CWL_ldlc,1,0,0,0,default,,t7_callingcard_cwl_ldlc,0
background,698,698,CallingCards_cwl_millenium,EM_BACK_CWL_millenium,1,0,0,0,default,,t7_callingcard_cwl_millenium,0
background,699,699,CallingCards_cwl_splyce,EM_BACK_CWL_splyce,1,0,0,0,default,,t7_callingcard_cwl_splyce,0
background,700,700,CallingCards_cwl_supremacy,EM_BACK_CWL_supremacy,1,0,0,0,default,,t7_callingcard_cwl_supremacy,0
background,701,701,CallingCards_cwl_vitality,EM_BACK_CWL_default,1,0,0,0,default,,t7_callingcard_cwl_vitality,0
background,702,702,CallingCards_cwl_cloud9,EM_BACK_CWL_cloud9,1,0,0,0,default,,t7_callingcard_cwl_cloud9,0
background,703,703,CallingCards_cwl_complexity,EM_BACK_CWL_default,1,0,0,0,default,,t7_callingcard_cwl_complexity,0
background,704,704,CallingCards_cwl_elevate,EM_BACK_CWL_elevate,1,0,0,0,default,,t7_callingcard_cwl_elevate,0
background,705,705,CallingCards_cwl_envyus,EM_BACK_CWL_envyus,1,0,0,0,default,,t7_callingcard_cwl_envyus,0
background,706,706,CallingCards_cwl_fazeclan,EM_BACK_CWL_fazeclan,1,0,0,0,default,,t7_callingcard_cwl_fazeclan,0
background,707,707,CallingCards_cwl_h2k,EM_BACK_CWL_default,1,0,0,0,default,,t7_callingcard_cwl_h2k,0
background,708,708,CallingCards_cwl_luminosity,EM_BACK_CWL_default,1,0,0,0,default,,t7_callingcard_cwl_luminosity,0
background,709,709,CallingCards_cwl_opticgaming,EM_BACK_CWL_opticgaming,1,0,0,0,default,,t7_callingcard_cwl_opticgaming,0
background,710,710,CallingCards_cwl_risenation,EM_BACK_CWL_risenation,1,0,0,0,default,,t7_callingcard_cwl_risenation,0
background,711,711,CallingCards_cwl_default,EM_BACK_CWL_default,1,0,0,0,default,,t7_callingcard_cwl_default,0
background,712,712,CallingCards_CodChamps_Training,EM_BACK_CONTRACTS_champs_training,1,0,0,0,default,,t7_callingcard_champs_training,1
background,713,713,CallingCards_CodChamps_Knockout,EM_BACK_CONTRACTS_champs_fight,1,0,0,0,default,,t7_callingcard_champs_fight,1
background,714,714,CallingCards_CodChamps_Champion,EM_BACK_CONTRACTS_champs_champion,1,0,0,0,default,,t7_callingcard_champs_champion,1
background,715,715,t7_callingcard_mp_action_battery,EM_BACK_CONTRACTS_mp_action_battery,1,0,0,0,loot,,,0
background,716,716,t7_callingcard_mp_action_firebreak_prophet,EM_BACK_CONTRACTS_mp_action_firebreak_prophet,1,0,0,0,loot,,,0
background,717,717,t7_callingcard_mp_action_nomad,EM_BACK_CONTRACTS_mp_action_nomad,1,0,0,0,loot,,,0
background,718,718,t7_callingcard_mp_action_outrider,EM_BACK_CONTRACTS_mp_action_outrider,1,0,0,0,loot,,,0
background,719,719,t7_callingcard_mp_action_seraph,EM_BACK_CONTRACTS_mp_action_seraph,1,0,0,0,loot,,,0
background,720,720,t7_callingcard_mp_action_ruin,EM_BACK_CONTRACTS_mp_action_ruin,1,0,0,0,loot,,,0
background,721,721,CallingCards_Specialist8bit,EM_BACK_CONTRACTS_mp_action_reaper_animated,1,0,0,0,loot,,t7_callingcard_mp_action_reaper_animated,0
background,722,722,t7_loot_callingcard_7wonders_artemis,EM_BACK_LOOT_7wonders_artemis,1,0,0,0,loot,,,0
background,723,723,t7_loot_callingcard_7wonders_babylon,EM_BACK_LOOT_7wonders_babylon,1,0,0,0,loot,,,0
background,724,724,t7_loot_callingcard_7wonders_colossus,EM_BACK_LOOT_7wonders_colossus,1,0,0,0,loot,,,0
background,725,725,t7_loot_callingcard_7wonders_giza,EM_BACK_LOOT_7wonders_giza,1,0,0,0,loot,,,0
background,726,726,t7_loot_callingcard_7wonders_mausoleum,EM_BACK_LOOT_7wonders_mausoleum,1,0,0,0,loot,,,0
background,727,727,t7_loot_callingcard_7wonders_alexandria,EM_BACK_LOOT_7wonders_alexandria,1,0,0,0,loot,,,0
background,728,728,CallingCards_loot_zeus,EM_BACK_LOOT_7wonders_zeus,1,0,0,0,loot,,t7_loot_callingcard_7wonders_zeus,0
background,729,729,CallingCards_ZM_Samantha,EM_BACK_ZM_Samantha,1,0,0,0,global,,t7_callingcard_zm_samantha_house,0
background,730,730,CallingCards_ZM_Heroes,EM_BACK_ZM_Heroes,1,0,0,0,global,,t7_callingcard_zm_heroes,0
background,731,731,t7_loot_callingcard_hotrods_01,EM_BACK_LOOT_hotrods_01,1,0,0,0,loot,,,0
background,732,732,t7_loot_callingcard_hotrods_02,EM_BACK_LOOT_hotrods_02,1,0,0,0,loot,,,0
background,733,733,t7_loot_callingcard_hotrods_03,EM_BACK_LOOT_hotrods_03,1,0,0,0,loot,,,0
background,734,734,t7_loot_callingcard_hotrods_04,EM_BACK_LOOT_hotrods_04,1,0,0,0,loot,,,0
background,735,735,t7_loot_callingcard_hotrods_05,EM_BACK_LOOT_hotrods_05,1,0,0,0,loot,,,0
background,736,736,t7_loot_callingcard_hotrods_06,EM_BACK_LOOT_hotrods_06,1,0,0,0,loot,,,0
background,737,737,CallingCards_loot_hotrod,EM_BACK_LOOT_hotrods_master,1,0,0,0,loot,,t7_loot_callingcard_hotrods_master,0
background,738,738,t7_callingcard_modtools_alpha,EM_BACK_PC_modtools_alpha,1,0,0,0,default,,,0
background,739,739,CallingCard_Clover,EM_BACK_MP_clover,1,0,0,0,default,,t7_callingcard_mp_clover,0
background,740,740,CallingCard_Clover_4,EM_BACK_MP_clover_4,1,0,0,0,default,,t7_callingcard_mp_clover_4,0
background,741,741,t7_callingcard_zmhd_demp,EM_BACK_MP_zmhd_dempsey,1,0,0,0,default,,,1
background,742,742,t7_callingcard_zmhd_nik,EM_BACK_MP_zmhd_nikolai,1,0,0,0,default,,,1
background,743,743,t7_callingcard_zmhd_rich,EM_BACK_MP_zmhd_richtofen,1,0,0,0,default,,,1
background,744,744,t7_callingcard_zmhd_tak,EM_BACK_MP_zmhd_takeo,1,0,0,0,default,,,1
background,745,745,CallingCards_zmhd_master,EM_BACK_MP_zmhd_master,1,0,0,0,default,,t7_callingcard_zmhd_master,1
background,746,746,CallingCards_code_double_duty,EM_BACK_MP_code_double_duty,1,0,0,0,default,,t7_callingcard_code_double_duty,0
background,747,747,Blops4PreviewCC,EM_BACK_MP_bo4_preview,1,0,0,0,default,,t7_callingcard_bo4_intro,0
background,748,748,CallingCard_FlyingBee,EM_BACK_flying_bee,1,0,0,0,default,,t7_callingcard_flying_bee,0
background,749,749,CallingCard_SoldierRaft,EM_BACK_soldier_raft,1,0,0,0,default,,t7_callingcard_soldier_raft,0
background,750,750,t7_zbr_callingcard_default_0,COD Zombies,0,0,0,0,zbr,,,0
background,751,751,t7_zbr_callingcard_dev_0,Developer,0,0,0,0,zbr,,,0
background,752,752,CallingCards_ZBR_Invitationals_2021,Invitationals 2021,0,0,0,0,zbr,,,0
background,753,753,t7_zbr_callingcard_default_1,Perks,0,0,0,0,zbr,,,0
background,754,754,t7_zbr_callingcard_default_2,Galaxies,0,0,0,0,zbr,,,0
background,755,755,t7_zbr_callingcard_default_3,Hunted,0,0,0,0,zbr,,,0
background,756,756,t7_zbr_callingcard_default_4,Astolfo,0,0,0,0,zbr,,,0
background,757,757,t7_zbr_callingcard_default_5,Tundra,0,0,0,0,zbr,,,0
background,758,758,t7_zbr_callingcard_default_6,Focus,0,0,0,0,zbr,,,0
background,759,759,t7_zbr_callingcard_default_7,Cataclysm,0,0,0,0,zbr,,,0
background,760,760,t7_zbr_callingcard_default_8,Meta,0,0,0,0,zbr,,,0
background,761,761,CallingCards_ZBR_Z4C_2024,Z4C 2024,0,0,0,0,zbr,,,0
background,762,762,CallingCards_ZBR_Z4C_2024_WINNER,Z4C 2024 Winner,0,0,0,0,zbr,,,0
background,763,763,t7_zbr_callingcard_default_9,Z4C 2024 Lineup,0,0,0,0,zbr,,,0
a0,b1,c2,d3,e4,f5,g6,h7,i8,j9,k10,l11,
